journal_id,trade_id,journal_text,emotion_label,sentiment_score,behavioral_tag,confidence_score,created_at
1,1,Followed my setup rules perfectly.,discipline,0.55,rule_based_execution,0.83,2025-11-12T13:04:51+00:00
2,2,Re-entered immediately after previous loss.,revenge_trading,-0.65,emotional_reentry,0.84,2025-11-12T17:17:22+00:00
3,3,Followed my setup rules perfectly.,discipline,0.55,rule_based_execution,0.81,2025-11-13T08:44:42+00:00
4,4,Followed my setup rules perfectly.,discipline,0.55,rule_based_execution,0.8,2025-11-13T02:26:01+00:00
5,5,Executed the planned setup with confidence.,discipline,0.55,planned_execution,0.84,2025-11-13T23:21:30+00:00
6,6,Followed my setup rules perfectly.,discipline,0.55,rule_based_execution,0.73,2025-11-14T06:12:40+00:00
7,7,Ignored confirmation and forced the trade.,impulsive,-0.45,rule_violation,0.74,2025-11-14T05:05:27+00:00
8,8,Closed early because I felt scared of giving back profit.,fear,-0.55,premature_exit,0.8,2025-11-15T13:53:17+00:00
9,9,Re-entered immediately after previous loss.,revenge_trading,-0.65,emotional_reentry,0.89,2025-11-14T15:30:58+00:00
10,10,Followed my setup rules perfectly.,discipline,0.55,rule_based_execution,0.77,2025-11-13T19:58:46+00:00
11,11,Held too long because I wanted a bigger move.,greed,-0.25,poor_exit_discipline,0.74,2025-11-14T22:08:22+00:00
12,12,Closed early because I felt scared of giving back profit.,fear,-0.55,premature_exit,0.71,2025-11-16T21:45:35+00:00
13,13,Entered too early because price moved aggressively.,FOMO,-0.2,impulsive_entry,0.72,2025-11-17T19:26:31+00:00
14,14,Held too long because I wanted a bigger move.,greed,-0.25,poor_exit_discipline,0.62,2025-11-16T14:10:19+00:00
15,15,Ignored confirmation and forced the trade.,impulsive,-0.45,rule_violation,0.9,2025-11-14T20:36:02+00:00
16,16,Followed my setup rules perfectly.,discipline,0.55,rule_based_execution,0.91,2025-11-18T07:14:16+00:00
17,17,Followed my setup rules perfectly.,discipline,0.55,rule_based_execution,0.74,2025-11-19T00:55:46+00:00
18,18,Ignored confirmation and forced the trade.,impulsive,-0.45,rule_violation,0.78,2025-11-16T14:22:47+00:00
19,19,Ignored confirmation and forced the trade.,impulsive,-0.45,rule_violation,0.62,2025-11-16T02:20:40+00:00
20,20,Re-entered immediately after previous loss.,revenge_trading,-0.65,emotional_reentry,0.93,2025-11-17T14:18:03+00:00
21,21,Ignored confirmation and forced the trade.,impulsive,-0.45,rule_violation,0.94,2025-11-16T03:06:28+00:00
22,22,Executed the planned setup with confidence.,discipline,0.55,planned_execution,0.78,2025-11-19T13:38:04+00:00
23,23,Entered too early because price moved aggressively.,FOMO,-0.2,impulsive_entry,0.62,2025-11-16T10:52:37+00:00
24,24,Ignored confirmation and forced the trade.,impulsive,-0.45,rule_violation,0.77,2025-11-20T01:23:09+00:00
25,25,Executed the planned setup with confidence.,discipline,0.55,planned_execution,0.72,2025-11-18T08:03:17+00:00
26,26,Closed early because I felt scared of giving back profit.,fear,-0.55,premature_exit,0.7,2025-11-20T07:21:40+00:00
27,27,Followed my setup rules perfectly.,discipline,0.55,rule_based_execution,0.62,2025-11-16T21:00:40+00:00
28,28,Executed the planned setup with confidence.,discipline,0.55,planned_execution,0.75,2025-11-20T14:41:37+00:00
29,29,Entered too early because price moved aggressively.,FOMO,-0.2,impulsive_entry,0.76,2025-11-17T02:46:01+00:00
30,30,Followed my setup rules perfectly.,discipline,0.55,rule_based_execution,0.81,2025-11-23T10:33:45+00:00
31,31,Re-entered immediately after previous loss.,revenge_trading,-0.65,emotional_reentry,0.75,2025-11-22T08:07:52+00:00
32,32,Held too long because I wanted a bigger move.,greed,-0.25,poor_exit_discipline,0.68,2025-11-18T06:17:03+00:00
33,33,Closed early because I felt scared of giving back profit.,fear,-0.55,premature_exit,0.87,2025-11-21T06:05:42+00:00
34,34,Entered too early because price moved aggressively.,FOMO,-0.2,impulsive_entry,0.75,2025-11-19T01:53:53+00:00
35,35,Followed my setup rules perfectly.,discipline,0.55,rule_based_execution,0.75,2025-11-19T05:59:26+00:00
36,36,Entered too early because price moved aggressively.,FOMO,-0.2,impulsive_entry,0.71,2025-11-22T16:33:23+00:00
37,37,Executed the planned setup with confidence.,discipline,0.55,planned_execution,0.76,2025-11-25T05:45:08+00:00
38,38,Followed my setup rules perfectly.,discipline,0.55,rule_based_execution,0.7,2025-11-17T07:07:16+00:00
39,39,Closed early because I felt scared of giving back profit.,fear,-0.55,premature_exit,0.88,2025-11-20T02:36:52+00:00
40,40,Held too long because I wanted a bigger move.,greed,-0.25,poor_exit_discipline,0.93,2025-11-18T08:35:27+00:00
41,41,Followed my setup rules perfectly.,discipline,0.55,rule_based_execution,0.89,2025-11-26T23:56:47+00:00
42,42,Followed my setup rules perfectly.,discipline,0.55,rule_based_execution,0.85,2025-11-26T02:19:47+00:00
43,43,Followed my setup rules perfectly.,discipline,0.55,rule_based_execution,0.72,2025-11-21T03:58:52+00:00
44,44,Executed the planned setup with confidence.,discipline,0.55,planned_execution,0.87,2025-11-23T04:38:42+00:00
45,45,Closed early because I felt scared of giving back profit.,fear,-0.55,premature_exit,0.89,2025-11-21T12:58:52+00:00
46,46,Followed my setup rules perfectly.,discipline,0.55,rule_based_execution,0.76,2025-11-26T20:25:15+00:00
47,47,Closed early because I felt scared of giving back profit.,fear,-0.55,premature_exit,0.91,2025-11-25T05:54:15+00:00
48,48,Entered too early because price moved aggressively.,FOMO,-0.2,impulsive_entry,0.68,2025-11-23T18:32:12+00:00
49,49,Executed the planned setup with confidence.,discipline,0.55,planned_execution,0.72,2025-11-19T23:03:34+00:00
50,50,Executed the planned setup with confidence.,discipline,0.55,planned_execution,0.84,2025-11-29T17:38:57+00:00
51,51,Closed early because I felt scared of giving back profit.,fear,-0.55,premature_exit,0.83,2025-11-20T22:49:37+00:00
52,52,Closed early because I felt scared of giving back profit.,fear,-0.55,premature_exit,0.71,2025-11-21T07:21:42+00:00
53,53,Followed my setup rules perfectly.,discipline,0.55,rule_based_execution,0.83,2025-11-25T03:42:08+00:00
54,54,Followed my setup rules perfectly.,discipline,0.55,rule_based_execution,0.68,2025-11-29T01:02:15+00:00
55,55,Followed my setup rules perfectly.,discipline,0.55,rule_based_execution,0.63,2025-11-21T22:12:29+00:00
56,56,Executed the planned setup with confidence.,discipline,0.55,planned_execution,0.64,2025-11-26T20:08:04+00:00
57,57,Followed my setup rules perfectly.,discipline,0.55,rule_based_execution,0.8,2025-11-21T20:37:46+00:00
58,58,Ignored confirmation and forced the trade.,impulsive,-0.45,rule_violation,0.68,2025-11-21T08:03:40+00:00
59,59,Executed the planned setup with confidence.,discipline,0.55,planned_execution,0.65,2025-12-06T10:43:40+00:00
60,60,Re-entered immediately after previous loss.,revenge_trading,-0.65,emotional_reentry,0.71,2025-12-03T11:05:36+00:00
61,61,Followed my setup rules perfectly.,discipline,0.55,rule_based_execution,0.86,2025-12-03T05:34:19+00:00
62,62,Followed my setup rules perfectly.,discipline,0.55,rule_based_execution,0.87,2025-11-21T06:15:24+00:00
63,63,Held too long because I wanted a bigger move.,greed,-0.25,poor_exit_discipline,0.7,2025-11-30T00:50:02+00:00
64,64,Entered too early because price moved aggressively.,FOMO,-0.2,impulsive_entry,0.67,2025-11-25T04:02:57+00:00
65,65,Executed the planned setup with confidence.,discipline,0.55,planned_execution,0.79,2025-12-07T21:34:02+00:00
66,66,Entered too early because price moved aggressively.,FOMO,-0.2,impulsive_entry,0.74,2025-12-01T11:01:28+00:00
67,67,Followed my setup rules perfectly.,discipline,0.55,rule_based_execution,0.73,2025-12-01T03:39:17+00:00
68,68,Re-entered immediately after previous loss.,revenge_trading,-0.65,emotional_reentry,0.89,2025-11-25T04:28:09+00:00
69,69,Executed the planned setup with confidence.,discipline,0.55,planned_execution,0.96,2025-11-23T10:48:39+00:00
70,70,Entered too early because price moved aggressively.,FOMO,-0.2,impulsive_entry,0.78,2025-11-27T01:43:15+00:00
71,71,Entered too early because price moved aggressively.,FOMO,-0.2,impulsive_entry,0.89,2025-11-22T20:49:08+00:00
72,72,Held too long because I wanted a bigger move.,greed,-0.25,poor_exit_discipline,0.73,2025-12-07T08:50:11+00:00
73,73,Closed early because I felt scared of giving back profit.,fear,-0.55,premature_exit,0.91,2025-12-09T17:54:48+00:00
74,74,Followed my setup rules perfectly.,discipline,0.55,rule_based_execution,0.94,2025-12-02T13:12:53+00:00
75,75,Entered too early because price moved aggressively.,FOMO,-0.2,impulsive_entry,0.64,2025-12-06T15:00:27+00:00
76,76,Ignored confirmation and forced the trade.,impulsive,-0.45,rule_violation,0.88,2025-12-07T11:45:52+00:00
77,77,Followed my setup rules perfectly.,discipline,0.55,rule_based_execution,0.64,2025-12-08T14:59:15+00:00
78,78,Entered too early because price moved aggressively.,FOMO,-0.2,impulsive_entry,0.78,2025-11-27T14:26:40+00:00
79,79,Closed early because I felt scared of giving back profit.,fear,-0.55,premature_exit,0.69,2025-12-07T01:25:50+00:00
80,80,Executed the planned setup with confidence.,discipline,0.55,planned_execution,0.91,2025-12-01T10:06:41+00:00
81,81,Ignored confirmation and forced the trade.,impulsive,-0.45,rule_violation,0.9,2025-11-28T13:58:02+00:00
82,82,Followed my setup rules perfectly.,discipline,0.55,rule_based_execution,0.9,2025-11-26T02:16:17+00:00
83,83,Executed the planned setup with confidence.,discipline,0.55,planned_execution,0.66,2025-11-23T20:09:07+00:00
84,84,Re-entered immediately after previous loss.,revenge_trading,-0.65,emotional_reentry,0.88,2025-12-04T07:03:24+00:00
85,85,Followed my setup rules perfectly.,discipline,0.55,rule_based_execution,0.7,2025-12-09T01:45:51+00:00
86,86,Executed the planned setup with confidence.,discipline,0.55,planned_execution,0.88,2025-12-11T09:33:41+00:00
87,87,Ignored confirmation and forced the trade.,impulsive,-0.45,rule_violation,0.77,2025-12-04T07:44:14+00:00
88,88,Ignored confirmation and forced the trade.,impulsive,-0.45,rule_violation,0.87,2025-11-24T05:48:28+00:00
89,89,Followed my setup rules perfectly.,discipline,0.55,rule_based_execution,0.63,2025-11-30T07:56:43+00:00
90,90,Executed the planned setup with confidence.,discipline,0.55,planned_execution,0.78,2025-11-25T08:46:12+00:00
91,91,Followed my setup rules perfectly.,discipline,0.55,rule_based_execution,0.88,2025-11-27T05:31:22+00:00
92,92,Executed the planned setup with confidence.,discipline,0.55,planned_execution,0.8,2025-12-14T20:20:52+00:00
93,93,Entered too early because price moved aggressively.,FOMO,-0.2,impulsive_entry,0.95,2025-12-11T06:16:50+00:00
94,94,Ignored confirmation and forced the trade.,impulsive,-0.45,rule_violation,0.78,2025-11-25T09:46:20+00:00
95,95,Closed early because I felt scared of giving back profit.,fear,-0.55,premature_exit,0.85,2025-12-06T11:11:46+00:00
96,96,Re-entered immediately after previous loss.,revenge_trading,-0.65,emotional_reentry,0.73,2025-11-28T08:31:41+00:00
97,97,Executed the planned setup with confidence.,discipline,0.55,planned_execution,0.73,2025-12-07T11:19:05+00:00
98,98,Entered too early because price moved aggressively.,FOMO,-0.2,impulsive_entry,0.83,2025-12-10T23:04:18+00:00
99,99,Executed the planned setup with confidence.,discipline,0.55,planned_execution,0.63,2025-12-09T11:40:49+00:00
100,100,Executed the planned setup with confidence.,discipline,0.55,planned_execution,0.94,2025-12-09T18:39:30+00:00
101,101,Held too long because I wanted a bigger move.,greed,-0.25,poor_exit_discipline,0.8,2025-12-09T04:32:09+00:00
102,102,Followed my setup rules perfectly.,discipline,0.55,rule_based_execution,0.71,2025-12-17T01:14:46+00:00
103,103,Entered too early because price moved aggressively.,FOMO,-0.2,impulsive_entry,0.84,2025-12-01T01:28:51+00:00
104,104,Held too long because I wanted a bigger move.,greed,-0.25,poor_exit_discipline,0.69,2025-12-07T09:04:41+00:00
105,105,Followed my setup rules perfectly.,discipline,0.55,rule_based_execution,0.92,2025-12-13T12:10:44+00:00
106,106,Executed the planned setup with confidence.,discipline,0.55,planned_execution,0.91,2025-12-19T00:44:40+00:00
107,107,Executed the planned setup with confidence.,discipline,0.55,planned_execution,0.69,2025-12-23T00:12:15+00:00
108,108,Closed early because I felt scared of giving back profit.,fear,-0.55,premature_exit,0.66,2025-12-06T07:51:20+00:00
109,109,Closed early because I felt scared of giving back profit.,fear,-0.55,premature_exit,0.84,2025-12-03T22:07:06+00:00
110,110,Followed my setup rules perfectly.,discipline,0.55,rule_based_execution,0.73,2025-12-18T17:35:50+00:00
111,111,Re-entered immediately after previous loss.,revenge_trading,-0.65,emotional_reentry,0.68,2025-12-03T08:33:51+00:00
112,112,Closed early because I felt scared of giving back profit.,fear,-0.55,premature_exit,0.71,2025-12-25T18:35:16+00:00
113,113,Ignored confirmation and forced the trade.,impulsive,-0.45,rule_violation,0.66,2025-11-28T15:17:33+00:00
114,114,Closed early because I felt scared of giving back profit.,fear,-0.55,premature_exit,0.89,2025-12-25T06:22:02+00:00
115,115,Entered too early because price moved aggressively.,FOMO,-0.2,impulsive_entry,0.62,2025-12-22T11:04:40+00:00
116,116,Re-entered immediately after previous loss.,revenge_trading,-0.65,emotional_reentry,0.63,2025-12-06T16:44:25+00:00
117,117,Followed my setup rules perfectly.,discipline,0.55,rule_based_execution,0.89,2025-12-30T05:09:51+00:00
118,118,Executed the planned setup with confidence.,discipline,0.55,planned_execution,0.78,2025-12-16T08:10:38+00:00
119,119,Followed my setup rules perfectly.,discipline,0.55,rule_based_execution,0.82,2025-12-22T10:12:17+00:00
120,120,Ignored confirmation and forced the trade.,impulsive,-0.45,rule_violation,0.75,2025-12-13T17:30:32+00:00
121,121,Followed my setup rules perfectly.,discipline,0.55,rule_based_execution,0.65,2025-12-18T03:32:00+00:00
122,122,Re-entered immediately after previous loss.,revenge_trading,-0.65,emotional_reentry,0.67,2025-12-02T15:22:59+00:00
123,123,Executed the planned setup with confidence.,discipline,0.55,planned_execution,0.65,2025-12-19T22:48:52+00:00
124,124,Executed the planned setup with confidence.,discipline,0.55,planned_execution,0.83,2025-12-01T09:27:32+00:00
125,125,Followed my setup rules perfectly.,discipline,0.55,rule_based_execution,0.94,2025-12-11T18:52:54+00:00
126,126,Executed the planned setup with confidence.,discipline,0.55,planned_execution,0.96,2025-12-23T07:31:28+00:00
127,127,Held too long because I wanted a bigger move.,greed,-0.25,poor_exit_discipline,0.83,2025-12-27T13:36:40+00:00
128,128,Followed my setup rules perfectly.,discipline,0.55,rule_based_execution,0.64,2025-12-14T12:47:39+00:00
129,129,Ignored confirmation and forced the trade.,impulsive,-0.45,rule_violation,0.84,2025-12-10T03:13:26+00:00
130,130,Entered too early because price moved aggressively.,FOMO,-0.2,impulsive_entry,0.86,2025-12-13T08:45:22+00:00
131,131,Followed my setup rules perfectly.,discipline,0.55,rule_based_execution,0.89,2025-12-08T04:58:53+00:00
132,132,Closed early because I felt scared of giving back profit.,fear,-0.55,premature_exit,0.66,2025-12-25T16:18:31+00:00
133,133,Executed the planned setup with confidence.,discipline,0.55,planned_execution,0.7,2025-12-20T09:00:03+00:00
134,134,Held too long because I wanted a bigger move.,greed,-0.25,poor_exit_discipline,0.95,2025-12-17T21:22:50+00:00
135,135,Followed my setup rules perfectly.,discipline,0.55,rule_based_execution,0.89,2025-12-30T15:17:48+00:00
136,136,Closed early because I felt scared of giving back profit.,fear,-0.55,premature_exit,0.88,2026-01-04T22:13:11+00:00
137,137,Entered too early because price moved aggressively.,FOMO,-0.2,impulsive_entry,0.89,2025-12-25T10:15:42+00:00
138,138,Held too long because I wanted a bigger move.,greed,-0.25,poor_exit_discipline,0.77,2025-12-16T22:48:23+00:00
139,139,Closed early because I felt scared of giving back profit.,fear,-0.55,premature_exit,0.69,2025-12-23T14:00:50+00:00
140,140,Followed my setup rules perfectly.,discipline,0.55,rule_based_execution,0.85,2025-12-23T09:10:06+00:00
141,141,Followed my setup rules perfectly.,discipline,0.55,rule_based_execution,0.74,2025-12-20T09:23:37+00:00
142,142,Followed my setup rules perfectly.,discipline,0.55,rule_based_execution,0.67,2025-12-23T21:08:10+00:00
143,143,Executed the planned setup with confidence.,discipline,0.55,planned_execution,0.93,2025-12-05T04:21:43+00:00
144,144,Held too long because I wanted a bigger move.,greed,-0.25,poor_exit_discipline,0.79,2026-01-09T09:52:30+00:00
145,145,Ignored confirmation and forced the trade.,impulsive,-0.45,rule_violation,0.77,2025-12-18T01:17:49+00:00
146,146,Held too long because I wanted a bigger move.,greed,-0.25,poor_exit_discipline,0.72,2026-01-05T20:40:01+00:00
147,147,Executed the planned setup with confidence.,discipline,0.55,planned_execution,0.86,2026-01-05T15:49:30+00:00
148,148,Followed my setup rules perfectly.,discipline,0.55,rule_based_execution,0.68,2026-01-01T05:58:57+00:00
149,149,Ignored confirmation and forced the trade.,impulsive,-0.45,rule_violation,0.68,2025-12-04T02:43:56+00:00
150,150,Held too long because I wanted a bigger move.,greed,-0.25,poor_exit_discipline,0.74,2026-01-10T09:44:50+00:00
151,151,Re-entered immediately after previous loss.,revenge_trading,-0.65,emotional_reentry,0.87,2026-01-11T17:47:26+00:00
152,152,Closed early because I felt scared of giving back profit.,fear,-0.55,premature_exit,0.71,2026-01-11T19:33:14+00:00
153,153,Followed my setup rules perfectly.,discipline,0.55,rule_based_execution,0.9,2025-12-23T21:28:55+00:00
154,154,Closed early because I felt scared of giving back profit.,fear,-0.55,premature_exit,0.93,2026-01-08T03:28:41+00:00
155,155,Held too long because I wanted a bigger move.,greed,-0.25,poor_exit_discipline,0.81,2025-12-07T23:44:00+00:00
156,156,Entered too early because price moved aggressively.,FOMO,-0.2,impulsive_entry,0.64,2025-12-25T03:37:56+00:00
157,157,Executed the planned setup with confidence.,discipline,0.55,planned_execution,0.67,2025-12-03T15:43:23+00:00
158,158,Entered too early because price moved aggressively.,FOMO,-0.2,impulsive_entry,0.72,2025-12-05T08:05:28+00:00
159,159,Re-entered immediately after previous loss.,revenge_trading,-0.65,emotional_reentry,0.71,2026-01-05T06:05:24+00:00
160,160,Re-entered immediately after previous loss.,revenge_trading,-0.65,emotional_reentry,0.74,2025-12-22T00:03:08+00:00
161,161,Held too long because I wanted a bigger move.,greed,-0.25,poor_exit_discipline,0.62,2025-12-08T16:10:00+00:00
162,162,Followed my setup rules perfectly.,discipline,0.55,rule_based_execution,0.84,2025-12-08T08:46:26+00:00
163,163,Followed my setup rules perfectly.,discipline,0.55,rule_based_execution,0.75,2025-12-27T04:42:57+00:00
164,164,Executed the planned setup with confidence.,discipline,0.55,planned_execution,0.68,2025-12-20T17:11:23+00:00
165,165,Followed my setup rules perfectly.,discipline,0.55,rule_based_execution,0.63,2025-12-26T21:53:04+00:00
166,166,Held too long because I wanted a bigger move.,greed,-0.25,poor_exit_discipline,0.91,2025-12-09T19:19:36+00:00
167,167,Followed my setup rules perfectly.,discipline,0.55,rule_based_execution,0.88,2025-12-26T06:15:27+00:00
168,168,Executed the planned setup with confidence.,discipline,0.55,planned_execution,0.7,2025-12-20T23:47:15+00:00
169,169,Followed my setup rules perfectly.,discipline,0.55,rule_based_execution,0.87,2026-01-12T06:53:00+00:00
170,170,Entered too early because price moved aggressively.,FOMO,-0.2,impulsive_entry,0.84,2025-12-11T11:17:17+00:00
171,171,Followed my setup rules perfectly.,discipline,0.55,rule_based_execution,0.8,2026-01-22T09:00:55+00:00
172,172,Re-entered immediately after previous loss.,revenge_trading,-0.65,emotional_reentry,0.75,2026-01-04T23:20:17+00:00
173,173,Followed my setup rules perfectly.,discipline,0.55,rule_based_execution,0.8,2025-12-21T18:11:58+00:00
174,174,Followed my setup rules perfectly.,discipline,0.55,rule_based_execution,0.79,2026-01-20T23:00:45+00:00
175,175,Followed my setup rules perfectly.,discipline,0.55,rule_based_execution,0.81,2025-12-31T20:30:43+00:00
176,176,Followed my setup rules perfectly.,discipline,0.55,rule_based_execution,0.83,2025-12-15T00:49:28+00:00
177,177,Entered too early because price moved aggressively.,FOMO,-0.2,impulsive_entry,0.73,2026-01-02T15:57:36+00:00
178,178,Executed the planned setup with confidence.,discipline,0.55,planned_execution,0.84,2025-12-29T09:16:52+00:00
179,179,Followed my setup rules perfectly.,discipline,0.55,rule_based_execution,0.66,2025-12-21T11:30:16+00:00
180,180,Re-entered immediately after previous loss.,revenge_trading,-0.65,emotional_reentry,0.8,2026-01-13T17:24:50+00:00
181,181,Held too long because I wanted a bigger move.,greed,-0.25,poor_exit_discipline,0.64,2026-01-20T23:56:56+00:00
182,182,Followed my setup rules perfectly.,discipline,0.55,rule_based_execution,0.9,2025-12-28T16:22:53+00:00
183,183,Executed the planned setup with confidence.,discipline,0.55,planned_execution,0.66,2025-12-12T12:37:33+00:00
184,184,Followed my setup rules perfectly.,discipline,0.55,rule_based_execution,0.92,2025-12-25T09:35:44+00:00
185,185,Entered too early because price moved aggressively.,FOMO,-0.2,impulsive_entry,0.69,2025-12-20T01:19:18+00:00
186,186,Executed the planned setup with confidence.,discipline,0.55,planned_execution,0.79,2025-12-24T13:52:40+00:00
187,187,Ignored confirmation and forced the trade.,impulsive,-0.45,rule_violation,0.65,2026-01-09T17:23:49+00:00
188,188,Ignored confirmation and forced the trade.,impulsive,-0.45,rule_violation,0.81,2025-12-27T04:49:42+00:00
189,189,Executed the planned setup with confidence.,discipline,0.55,planned_execution,0.9,2026-01-19T14:17:50+00:00
190,190,Followed my setup rules perfectly.,discipline,0.55,rule_based_execution,0.84,2025-12-10T02:34:31+00:00
191,191,Entered too early because price moved aggressively.,FOMO,-0.2,impulsive_entry,0.8,2026-01-18T16:18:10+00:00
192,192,Re-entered immediately after previous loss.,revenge_trading,-0.65,emotional_reentry,0.86,2025-12-06T16:08:01+00:00
193,193,Followed my setup rules perfectly.,discipline,0.55,rule_based_execution,0.71,2026-01-28T22:13:57+00:00
194,194,Executed the planned setup with confidence.,discipline,0.55,planned_execution,0.74,2026-01-09T00:39:41+00:00
195,195,Ignored confirmation and forced the trade.,impulsive,-0.45,rule_violation,0.83,2025-12-15T11:52:37+00:00
196,196,Executed the planned setup with confidence.,discipline,0.55,planned_execution,0.64,2025-12-18T06:24:06+00:00
197,197,Ignored confirmation and forced the trade.,impulsive,-0.45,rule_violation,0.94,2026-01-09T00:36:54+00:00
198,198,Closed early because I felt scared of giving back profit.,fear,-0.55,premature_exit,0.69,2025-12-25T05:16:14+00:00
199,199,Entered too early because price moved aggressively.,FOMO,-0.2,impulsive_entry,0.79,2026-01-04T01:03:13+00:00
200,200,Closed early because I felt scared of giving back profit.,fear,-0.55,premature_exit,0.92,2026-01-27T17:47:20+00:00
201,201,Ignored confirmation and forced the trade.,impulsive,-0.45,rule_violation,0.65,2025-12-27T08:50:51+00:00
202,202,Ignored confirmation and forced the trade.,impulsive,-0.45,rule_violation,0.89,2025-12-21T20:28:46+00:00
203,203,Executed the planned setup with confidence.,discipline,0.55,planned_execution,0.64,2026-01-15T11:18:05+00:00
204,204,Executed the planned setup with confidence.,discipline,0.55,planned_execution,0.81,2026-01-13T18:52:22+00:00
205,205,Followed my setup rules perfectly.,discipline,0.55,rule_based_execution,0.94,2025-12-19T05:59:00+00:00
206,206,Followed my setup rules perfectly.,discipline,0.55,rule_based_execution,0.76,2025-12-08T10:06:48+00:00
207,207,Ignored confirmation and forced the trade.,impulsive,-0.45,rule_violation,0.75,2025-12-23T06:33:23+00:00
208,208,Held too long because I wanted a bigger move.,greed,-0.25,poor_exit_discipline,0.86,2026-02-05T22:40:58+00:00
209,209,Executed the planned setup with confidence.,discipline,0.55,planned_execution,0.9,2025-12-18T08:18:25+00:00
210,210,Held too long because I wanted a bigger move.,greed,-0.25,poor_exit_discipline,0.71,2026-01-26T11:12:14+00:00
211,211,Held too long because I wanted a bigger move.,greed,-0.25,poor_exit_discipline,0.63,2026-01-24T06:09:09+00:00
212,212,Followed my setup rules perfectly.,discipline,0.55,rule_based_execution,0.64,2025-12-09T06:14:09+00:00
213,213,Re-entered immediately after previous loss.,revenge_trading,-0.65,emotional_reentry,0.72,2026-01-03T21:00:43+00:00
214,214,Executed the planned setup with confidence.,discipline,0.55,planned_execution,0.94,2026-01-16T11:10:58+00:00
215,215,Executed the planned setup with confidence.,discipline,0.55,planned_execution,0.95,2026-02-06T17:55:02+00:00
216,216,Executed the planned setup with confidence.,discipline,0.55,planned_execution,0.65,2025-12-10T21:46:22+00:00
217,217,Entered too early because price moved aggressively.,FOMO,-0.2,impulsive_entry,0.87,2026-01-24T02:58:21+00:00
218,218,Re-entered immediately after previous loss.,revenge_trading,-0.65,emotional_reentry,0.8,2026-01-03T12:30:47+00:00
219,219,Followed my setup rules perfectly.,discipline,0.55,rule_based_execution,0.68,2026-01-26T03:28:17+00:00
220,220,Followed my setup rules perfectly.,discipline,0.55,rule_based_execution,0.8,2026-01-20T06:39:26+00:00
221,221,Followed my setup rules perfectly.,discipline,0.55,rule_based_execution,0.7,2025-12-29T17:44:18+00:00
222,222,Followed my setup rules perfectly.,discipline,0.55,rule_based_execution,0.83,2026-01-14T21:09:23+00:00
223,223,Held too long because I wanted a bigger move.,greed,-0.25,poor_exit_discipline,0.68,2025-12-27T05:40:50+00:00
224,224,Closed early because I felt scared of giving back profit.,fear,-0.55,premature_exit,0.87,2025-12-21T05:54:04+00:00
225,225,Followed my setup rules perfectly.,discipline,0.55,rule_based_execution,0.76,2026-02-08T02:31:37+00:00
226,226,Ignored confirmation and forced the trade.,impulsive,-0.45,rule_violation,0.66,2026-01-13T16:45:31+00:00
227,227,Followed my setup rules perfectly.,discipline,0.55,rule_based_execution,0.84,2025-12-18T14:53:07+00:00
228,228,Followed my setup rules perfectly.,discipline,0.55,rule_based_execution,0.74,2025-12-14T15:05:38+00:00
229,229,Held too long because I wanted a bigger move.,greed,-0.25,poor_exit_discipline,0.78,2026-01-18T22:50:25+00:00
230,230,Followed my setup rules perfectly.,discipline,0.55,rule_based_execution,0.85,2025-12-23T01:30:29+00:00
231,231,Executed the planned setup with confidence.,discipline,0.55,planned_execution,0.92,2026-01-03T21:38:45+00:00
232,232,Followed my setup rules perfectly.,discipline,0.55,rule_based_execution,0.68,2026-01-24T16:50:29+00:00
233,233,Entered too early because price moved aggressively.,FOMO,-0.2,impulsive_entry,0.68,2026-01-05T16:40:33+00:00
234,234,Followed my setup rules perfectly.,discipline,0.55,rule_based_execution,0.76,2026-01-07T05:12:37+00:00
235,235,Held too long because I wanted a bigger move.,greed,-0.25,poor_exit_discipline,0.73,2025-12-15T17:23:06+00:00
236,236,Closed early because I felt scared of giving back profit.,fear,-0.55,premature_exit,0.67,2026-02-17T01:37:32+00:00
237,237,Executed the planned setup with confidence.,discipline,0.55,planned_execution,0.96,2025-12-27T16:16:58+00:00
238,238,Followed my setup rules perfectly.,discipline,0.55,rule_based_execution,0.77,2026-01-29T08:22:55+00:00
239,239,Followed my setup rules perfectly.,discipline,0.55,rule_based_execution,0.74,2026-02-16T21:19:09+00:00
240,240,Followed my setup rules perfectly.,discipline,0.55,rule_based_execution,0.73,2026-02-02T00:12:25+00:00
241,241,Executed the planned setup with confidence.,discipline,0.55,planned_execution,0.96,2026-01-15T10:29:07+00:00
242,242,Closed early because I felt scared of giving back profit.,fear,-0.55,premature_exit,0.73,2026-02-05T10:14:23+00:00
243,243,Entered too early because price moved aggressively.,FOMO,-0.2,impulsive_entry,0.75,2026-01-06T02:27:56+00:00
244,244,Held too long because I wanted a bigger move.,greed,-0.25,poor_exit_discipline,0.88,2026-02-11T20:26:01+00:00
245,245,Held too long because I wanted a bigger move.,greed,-0.25,poor_exit_discipline,0.77,2026-01-16T02:07:25+00:00
246,246,Followed my setup rules perfectly.,discipline,0.55,rule_based_execution,0.87,2025-12-25T16:24:51+00:00
247,247,Followed my setup rules perfectly.,discipline,0.55,rule_based_execution,0.83,2026-01-23T11:13:11+00:00
248,248,Executed the planned setup with confidence.,discipline,0.55,planned_execution,0.81,2026-02-13T04:46:13+00:00
249,249,Executed the planned setup with confidence.,discipline,0.55,planned_execution,0.69,2025-12-21T02:00:20+00:00
250,250,Executed the planned setup with confidence.,discipline,0.55,planned_execution,0.88,2026-02-22T18:04:34+00:00
