trade_id,user_id,symbol,asset_type,direction,entry_price,exit_price,stop_loss,take_profit,lot_size,pnl,rr_ratio,strategy,timeframe,market_condition,session,trade_duration,execution_quality,slippage,timestamp,result,emotional_state,confidence_level,overtrading_flag,revenge_trade_flag
1,1,XAUUSD,COMMODITIES,BUY,2282.2331,2301.6269,2274.6277,2301.6269,1.81,35.1,2.55,scalping,15M,trending,CRYPTO,109,poor,0.336,2025-11-12T13:04:51+00:00,WIN,DISCIPLINED,10,False,False
2,1,US30,INDICES,SELL,37938.1371,37542.9491,38222.445,37542.9491,2.31,912.88,1.39,breakout,1H,volatile,CRYPTO,143,excellent,0.584,2025-11-12T17:17:22+00:00,WIN,REVENGE,4,False,False
3,1,NAS100,INDICES,BUY,18185.2413,18578.3589,17939.5428,18578.3589,0.3,117.94,1.6,mean_reversion,5M,ranging,FOREX,202,late,0.363,2025-11-13T08:44:42+00:00,WIN,DISCIPLINED,8,False,False
4,1,BTCUSD,CRYPTO,SELL,66732.3594,67397.1201,67678.3913,64537.5653,2.21,-1469.12,2.32,scalping,15M,volatile,FOREX,125,excellent,0.644,2025-11-13T02:26:01+00:00,LOSS,DISCIPLINED,9,False,False
5,1,EURUSD,FOREX,BUY,1.0858,1.1009,1.0735,1.1009,2.67,0.04,1.23,reversal,15M,ranging,CRYPTO,295,poor,0.21,2025-11-13T23:21:30+00:00,WIN,CONFIDENT,9,False,False
6,1,US30,INDICES,SELL,40552.3173,40227.0807,40902.0341,40227.0807,0.42,136.6,0.93,scalping,4H,trending,NYSE,203,poor,0.797,2025-11-14T06:12:40+00:00,WIN,DISCIPLINED,7,False,False
7,1,US30,INDICES,BUY,39115.3474,39607.3431,38901.4363,39607.3431,1.36,669.11,2.3,breakout,1H,ranging,CRYPTO,62,late,0.673,2025-11-14T05:05:27+00:00,WIN,IMPULSIVE,6,False,False
8,1,BTCUSD,CRYPTO,SELL,69515.728,69082.9079,70134.0425,69082.9079,0.16,69.25,0.7,reversal,1H,ranging,FOREX,131,poor,0.758,2025-11-15T13:53:17+00:00,WIN,FEARFUL,4,False,False
9,1,NAS100,INDICES,BUY,17464.8837,17760.5615,17322.0442,17760.5615,2.63,777.63,2.07,mean_reversion,15M,volatile,NYSE,351,late,0.35,2025-11-14T15:30:58+00:00,WIN,REVENGE,10,False,False
10,1,XAUUSD,COMMODITIES,BUY,2259.9544,2305.077,2239.1606,2305.077,2.15,97.01,2.17,reversal,5M,volatile,FOREX,271,good,0.223,2025-11-13T19:58:46+00:00,WIN,DISCIPLINED,10,False,False
11,1,BTCUSD,CRYPTO,BUY,66601.905,67535.3757,66059.1895,67535.3757,2.01,1876.28,1.72,mean_reversion,5M,trending,FOREX,214,late,0.64,2025-11-14T22:08:22+00:00,WIN,GREEDY,4,False,False
12,1,BTCUSD,CRYPTO,BUY,66042.5917,65855.7202,65752.9722,66581.284,2.44,-455.97,1.86,reversal,5M,trending,FOREX,93,early,0.389,2025-11-16T21:45:35+00:00,LOSS,FEARFUL,6,False,False
13,1,NAS100,INDICES,BUY,18698.8447,18611.8723,18596.9802,18969.8045,2.88,-250.48,2.66,reversal,4H,ranging,FOREX,159,good,0.775,2025-11-17T19:26:31+00:00,LOSS,FOMO,3,False,False
14,1,EURUSD,FOREX,BUY,1.0802,1.0711,1.0661,1.0957,0.64,-0.01,1.09,breakout,15M,news_driven,FOREX,299,good,0.463,2025-11-16T14:10:19+00:00,LOSS,GREEDY,3,False,False
15,1,US30,INDICES,BUY,39203.508,39014.5466,38963.8645,39527.0268,0.87,-164.4,1.35,trend_following,4H,volatile,FOREX,12,early,0.497,2025-11-14T20:36:02+00:00,LOSS,IMPULSIVE,4,False,False
16,1,XAUUSD,COMMODITIES,BUY,2431.4528,2526.3003,2398.7467,2526.3003,0.56,53.11,2.9,mean_reversion,5M,volatile,CRYPTO,61,good,0.212,2025-11-18T07:14:16+00:00,WIN,DISCIPLINED,4,False,False
17,1,US30,INDICES,BUY,38097.1645,37874.9568,37851.1542,38692.5094,0.83,-184.43,2.42,scalping,4H,volatile,FOREX,9,late,0.617,2025-11-19T00:55:46+00:00,LOSS,DISCIPLINED,7,False,False
18,1,BTCUSD,CRYPTO,SELL,68331.3333,68494.0677,68567.3744,67609.0477,0.2,-32.55,3.06,mean_reversion,4H,ranging,FOREX,165,late,0.719,2025-11-16T14:22:47+00:00,LOSS,IMPULSIVE,3,False,False
19,1,EURUSD,FOREX,BUY,1.0674,1.057,1.0575,1.096,2.78,-0.03,2.89,reversal,15M,news_driven,FOREX,99,late,0.626,2025-11-16T02:20:40+00:00,LOSS,IMPULSIVE,9,True,False
20,1,BTCUSD,CRYPTO,SELL,65868.0402,63364.1471,66746.5992,63364.1471,2.47,6184.62,2.85,reversal,15M,ranging,FOREX,345,good,0.319,2025-11-17T14:18:03+00:00,WIN,REVENGE,7,False,True
21,1,XAUUSD,COMMODITIES,SELL,2331.1395,2354.1574,2365.5354,2260.972,2.91,-66.98,2.04,scalping,1H,trending,FOREX,313,early,0.277,2025-11-16T03:06:28+00:00,LOSS,IMPULSIVE,8,False,False
22,1,NAS100,INDICES,BUY,17553.7134,17634.6865,17508.4771,17634.6865,2.44,197.57,1.79,trend_following,15M,volatile,NYSE,43,late,0.499,2025-11-19T13:38:04+00:00,WIN,CONFIDENT,4,False,False
23,1,EURUSD,FOREX,SELL,1.097,1.1054,1.1071,1.0851,2.27,-0.02,1.18,trend_following,4H,trending,NYSE,154,good,0.344,2025-11-16T10:52:37+00:00,LOSS,FOMO,8,False,False
24,1,NAS100,INDICES,SELL,18016.0906,18236.9821,18238.0229,17328.1004,0.92,-203.22,3.1,trend_following,5M,ranging,CRYPTO,166,good,0.645,2025-11-20T01:23:09+00:00,LOSS,IMPULSIVE,5,False,False
25,1,XAUUSD,COMMODITIES,BUY,2370.9195,2344.0434,2342.4913,2423.2274,2.18,-58.59,1.84,reversal,15M,trending,FOREX,406,early,0.175,2025-11-18T08:03:17+00:00,LOSS,CONFIDENT,10,False,False
26,1,XAUUSD,COMMODITIES,BUY,2406.6663,2376.5972,2380.9667,2488.1341,2.69,-80.89,3.17,breakout,4H,news_driven,FOREX,388,early,0.36,2025-11-20T07:21:40+00:00,LOSS,FEARFUL,6,False,False
27,1,EURUSD,FOREX,SELL,1.0435,1.0353,1.0495,1.0353,1.67,0.01,1.38,reversal,15M,ranging,FOREX,220,early,0.265,2025-11-16T21:00:40+00:00,WIN,DISCIPLINED,10,False,False
28,1,NAS100,INDICES,BUY,17840.8466,18498.5057,17626.6254,18498.5057,2.65,1742.8,3.07,reversal,1H,volatile,NYSE,222,poor,0.598,2025-11-20T14:41:37+00:00,WIN,CONFIDENT,6,False,False
29,1,NAS100,INDICES,BUY,17321.7957,17244.6691,17211.4614,17586.5982,1.46,-112.6,2.4,scalping,5M,news_driven,CRYPTO,296,excellent,0.067,2025-11-17T02:46:01+00:00,LOSS,FOMO,9,False,False
30,1,BTCUSD,CRYPTO,SELL,67342.325,67607.1029,67662.3077,66855.9513,2.28,-603.69,1.52,reversal,5M,news_driven,FOREX,391,poor,0.042,2025-11-23T10:33:45+00:00,LOSS,DISCIPLINED,8,False,False
31,1,BTCUSD,CRYPTO,BUY,70445.8878,70688.487,70122.4222,70688.487,0.47,114.02,0.75,breakout,15M,news_driven,CRYPTO,139,late,0.134,2025-11-22T08:07:52+00:00,WIN,REVENGE,4,False,True
32,1,BTCUSD,CRYPTO,SELL,70333.1462,68351.7551,71000.2812,68351.7551,2.83,5607.34,2.97,breakout,15M,trending,CRYPTO,403,late,0.68,2025-11-18T06:17:03+00:00,WIN,GREEDY,4,False,False
33,1,US30,INDICES,BUY,39503.9466,39769.4026,39389.5259,39769.4026,1.32,350.4,2.32,scalping,1H,news_driven,CRYPTO,86,early,0.141,2025-11-21T06:05:42+00:00,WIN,FEARFUL,7,False,False
34,1,US30,INDICES,SELL,39720.8018,39862.9589,39938.8349,39103.7681,2.66,-378.14,2.83,trend_following,4H,volatile,FOREX,261,late,0.145,2025-11-19T01:53:53+00:00,LOSS,FOMO,6,False,False
35,1,EURUSD,FOREX,SELL,1.0883,1.0577,1.1029,1.0577,0.65,0.02,2.09,scalping,15M,news_driven,CRYPTO,372,early,0.359,2025-11-19T05:59:26+00:00,WIN,DISCIPLINED,3,False,False
36,1,XAUUSD,COMMODITIES,SELL,2301.7414,2321.4712,2326.2123,2262.0985,2.99,-58.99,1.62,reversal,4H,volatile,NYSE,136,good,0.097,2025-11-22T16:33:23+00:00,LOSS,FOMO,6,False,False
37,1,EURUSD,FOREX,BUY,1.0964,1.109,1.0915,1.109,1.81,0.02,2.55,mean_reversion,5M,ranging,NYSE,124,late,0.144,2025-11-25T05:45:08+00:00,WIN,CONFIDENT,3,False,False
38,1,US30,INDICES,BUY,37610.1212,37380.798,37392.0661,38277.3697,0.4,-91.73,3.06,scalping,4H,news_driven,NYSE,102,excellent,0.202,2025-11-17T07:07:16+00:00,LOSS,DISCIPLINED,10,False,False
39,1,XAUUSD,COMMODITIES,BUY,2364.48,2334.2733,2338.6507,2392.3756,0.35,-10.57,1.08,trend_following,4H,ranging,CRYPTO,202,early,0.727,2025-11-20T02:36:52+00:00,LOSS,FEARFUL,7,False,False
40,1,US30,INDICES,SELL,37627.9185,38159.3698,38172.824,37110.2584,0.87,-462.36,0.95,scalping,5M,ranging,FOREX,217,early,0.551,2025-11-18T08:35:27+00:00,LOSS,GREEDY,10,False,False
41,1,EURUSD,FOREX,BUY,1.0612,1.0735,1.0472,1.0735,0.87,0.01,0.88,reversal,15M,news_driven,FOREX,286,good,0.518,2025-11-26T23:56:47+00:00,WIN,DISCIPLINED,7,False,False
42,1,BTCUSD,CRYPTO,BUY,66953.4083,68619.2944,66167.6129,68619.2944,0.46,766.31,2.12,breakout,1H,news_driven,NYSE,49,poor,0.032,2025-11-26T02:19:47+00:00,WIN,DISCIPLINED,9,False,False
43,1,EURUSD,FOREX,SELL,1.1199,1.1372,1.1343,1.0891,2.05,-0.04,2.14,breakout,15M,news_driven,CRYPTO,341,early,0.733,2025-11-21T03:58:52+00:00,LOSS,DISCIPLINED,5,True,False
44,1,US30,INDICES,SELL,38906.4324,38479.9095,39190.7811,38479.9095,0.57,243.12,1.5,trend_following,4H,trending,NYSE,53,late,0.202,2025-11-23T04:38:42+00:00,WIN,CONFIDENT,4,False,False
45,1,NAS100,INDICES,BUY,17358.0539,17226.7955,17206.3495,17700.9058,0.25,-32.81,2.26,mean_reversion,1H,news_driven,CRYPTO,256,excellent,0.023,2025-11-21T12:58:52+00:00,LOSS,FEARFUL,6,False,False
46,1,BTCUSD,CRYPTO,SELL,67499.4693,66569.3871,67831.6416,66569.3871,2.85,2650.73,2.8,mean_reversion,1H,volatile,NYSE,255,early,0.195,2025-11-26T20:25:15+00:00,WIN,DISCIPLINED,5,False,False
47,1,NAS100,INDICES,BUY,18546.2298,18337.885,18300.8196,18887.35,2.81,-585.45,1.39,mean_reversion,1H,volatile,CRYPTO,304,early,0.692,2025-11-25T05:54:15+00:00,LOSS,FEARFUL,10,False,False
48,1,US30,INDICES,SELL,39820.1628,40146.8808,40095.0704,38987.1925,0.79,-258.11,3.03,scalping,4H,trending,NYSE,389,early,0.564,2025-11-23T18:32:12+00:00,LOSS,FOMO,9,False,False
49,1,NAS100,INDICES,BUY,17461.7946,17850.5096,17207.7326,17850.5096,2.55,991.22,1.53,trend_following,5M,ranging,NYSE,343,good,0.06,2025-11-19T23:03:34+00:00,WIN,CONFIDENT,7,False,False
50,1,EURUSD,FOREX,SELL,1.1104,1.0863,1.1251,1.0863,2.18,0.05,1.65,breakout,5M,trending,FOREX,331,late,0.798,2025-11-29T17:38:57+00:00,WIN,CONFIDENT,4,False,False
51,1,NAS100,INDICES,BUY,18279.3617,18084.3935,18028.1208,18482.8668,1.19,-232.01,0.81,breakout,15M,ranging,FOREX,48,poor,0.697,2025-11-20T22:49:37+00:00,LOSS,FEARFUL,6,False,False
52,1,NAS100,INDICES,BUY,17645.7274,17538.6566,17551.8654,17713.308,2.07,-221.64,0.72,reversal,1H,volatile,CRYPTO,225,late,0.365,2025-11-21T07:21:42+00:00,LOSS,FEARFUL,7,False,False
53,1,BTCUSD,CRYPTO,SELL,67354.6218,67629.943,67803.6393,66708.0366,2.51,-691.06,1.44,trend_following,5M,news_driven,NYSE,405,good,0.486,2025-11-25T03:42:08+00:00,LOSS,DISCIPLINED,8,True,False
54,1,BTCUSD,CRYPTO,BUY,69390.3406,71384.9721,68559.2442,71384.9721,0.38,757.96,2.4,mean_reversion,4H,trending,CRYPTO,194,good,0.072,2025-11-29T01:02:15+00:00,WIN,DISCIPLINED,7,True,False
55,1,EURUSD,FOREX,SELL,1.1048,1.0809,1.1196,1.0809,0.89,0.02,1.61,reversal,4H,volatile,CRYPTO,181,excellent,0.375,2025-11-21T22:12:29+00:00,WIN,DISCIPLINED,4,False,False
56,1,BTCUSD,CRYPTO,BUY,69656.9568,70917.9987,69186.4188,70917.9987,1.66,2093.33,2.68,trend_following,1H,news_driven,CRYPTO,198,excellent,0.54,2025-11-26T20:08:04+00:00,WIN,CONFIDENT,10,False,False
57,1,XAUUSD,COMMODITIES,SELL,2267.8848,2182.2743,2296.7099,2182.2743,1.28,109.58,2.97,mean_reversion,1H,news_driven,FOREX,57,good,0.71,2025-11-21T20:37:46+00:00,WIN,DISCIPLINED,5,False,False
58,1,NAS100,INDICES,SELL,18350.1218,18531.8648,18612.4856,17890.985,1.3,-236.27,1.75,scalping,4H,volatile,FOREX,361,late,0.174,2025-11-21T08:03:40+00:00,LOSS,IMPULSIVE,10,False,False
59,1,BTCUSD,CRYPTO,SELL,67278.3022,65145.7188,68201.4985,65145.7188,0.9,1919.33,2.31,breakout,4H,trending,CRYPTO,116,poor,0.777,2025-12-06T10:43:40+00:00,WIN,CONFIDENT,3,False,False
60,1,EURUSD,FOREX,BUY,1.0545,1.0399,1.041,1.0827,0.78,-0.01,2.09,reversal,5M,volatile,FOREX,74,poor,0.201,2025-12-03T11:05:36+00:00,LOSS,REVENGE,5,False,False
61,1,XAUUSD,COMMODITIES,BUY,2404.5171,2423.0093,2392.2706,2423.0093,0.25,4.62,1.51,reversal,5M,news_driven,NYSE,406,late,0.411,2025-12-03T05:34:19+00:00,WIN,DISCIPLINED,4,False,False
62,1,NAS100,INDICES,BUY,18407.8469,18896.4188,18163.5609,18896.4188,2.9,1416.86,2.0,mean_reversion,4H,news_driven,CRYPTO,63,early,0.57,2025-11-21T06:15:24+00:00,WIN,DISCIPLINED,10,False,False
63,1,XAUUSD,COMMODITIES,BUY,2268.3483,2258.2929,2255.7017,2297.1823,2.98,-29.97,2.28,scalping,4H,trending,CRYPTO,66,poor,0.577,2025-11-30T00:50:02+00:00,LOSS,GREEDY,6,False,False
64,1,NAS100,INDICES,SELL,18471.4837,18137.1055,18604.1734,18137.1055,1.01,337.72,2.52,reversal,4H,trending,FOREX,51,excellent,0.346,2025-11-25T04:02:57+00:00,WIN,FOMO,8,False,False
65,1,BTCUSD,CRYPTO,BUY,68335.5576,67483.1466,67603.672,69601.7197,1.33,-1133.71,1.73,mean_reversion,1H,volatile,NYSE,61,poor,0.406,2025-12-07T21:34:02+00:00,LOSS,CONFIDENT,5,False,False
66,1,NAS100,INDICES,BUY,18081.0223,18169.455,18017.8561,18169.455,1.34,118.5,1.4,breakout,5M,volatile,FOREX,100,late,0.562,2025-12-01T11:01:28+00:00,WIN,FOMO,7,False,False
67,1,EURUSD,FOREX,SELL,1.0492,1.0623,1.0602,1.0396,0.37,-0.0,0.87,breakout,4H,volatile,FOREX,197,late,0.577,2025-12-01T03:39:17+00:00,LOSS,DISCIPLINED,4,False,False
68,1,XAUUSD,COMMODITIES,BUY,2265.3553,2258.67,2258.4221,2277.9045,1.3,-8.69,1.81,reversal,1H,news_driven,FOREX,153,poor,0.389,2025-11-25T04:28:09+00:00,LOSS,REVENGE,7,False,True
69,1,XAUUSD,COMMODITIES,BUY,2266.299,2255.1263,2255.7437,2298.5982,0.94,-10.5,3.06,trend_following,4H,ranging,FOREX,202,poor,0.563,2025-11-23T10:48:39+00:00,LOSS,CONFIDENT,8,False,False
70,1,XAUUSD,COMMODITIES,SELL,2342.4338,2348.3795,2349.4897,2331.991,1.96,-11.65,1.48,breakout,1H,ranging,CRYPTO,243,late,0.071,2025-11-27T01:43:15+00:00,LOSS,FOMO,4,False,False
71,1,BTCUSD,CRYPTO,SELL,65707.8402,63467.7907,66582.8595,63467.7907,2.36,5286.52,2.56,mean_reversion,15M,volatile,NYSE,380,good,0.189,2025-11-22T20:49:08+00:00,WIN,FOMO,5,False,False
72,1,EURUSD,FOREX,BUY,1.1025,1.0921,1.0909,1.1157,2.29,-0.02,1.14,reversal,1H,volatile,FOREX,233,excellent,0.375,2025-12-07T08:50:11+00:00,LOSS,GREEDY,7,False,False
73,1,EURUSD,FOREX,BUY,1.0636,1.0582,1.0552,1.0707,2.61,-0.01,0.84,scalping,4H,news_driven,CRYPTO,291,excellent,0.36,2025-12-09T17:54:48+00:00,LOSS,FEARFUL,6,False,False
74,1,EURUSD,FOREX,SELL,1.0421,1.0319,1.0456,1.0319,2.17,0.02,2.95,mean_reversion,15M,news_driven,NYSE,276,poor,0.488,2025-12-02T13:12:53+00:00,WIN,DISCIPLINED,8,False,False
75,1,EURUSD,FOREX,SELL,1.066,1.0727,1.0765,1.0382,0.37,-0.0,2.67,trend_following,15M,volatile,FOREX,306,good,0.733,2025-12-06T15:00:27+00:00,LOSS,FOMO,7,False,False
76,1,NAS100,INDICES,BUY,17401.9954,17774.4752,17240.7487,17774.4752,0.47,175.07,2.31,mean_reversion,5M,news_driven,CRYPTO,193,excellent,0.29,2025-12-07T11:45:52+00:00,WIN,IMPULSIVE,5,False,False
77,1,BTCUSD,CRYPTO,SELL,70719.8728,70976.6835,71003.7627,70311.0714,1.67,-428.87,1.44,trend_following,1H,ranging,CRYPTO,200,good,0.13,2025-12-08T14:59:15+00:00,LOSS,DISCIPLINED,5,False,False
78,1,NAS100,INDICES,BUY,18316.2034,18029.9015,18048.7016,18912.7323,0.78,-223.32,2.23,trend_following,4H,ranging,NYSE,355,poor,0.788,2025-11-27T14:26:40+00:00,LOSS,FOMO,10,False,False
79,1,EURUSD,FOREX,SELL,1.1203,1.0821,1.1344,1.0821,0.83,0.03,2.7,mean_reversion,5M,trending,NYSE,50,good,0.218,2025-12-07T01:25:50+00:00,WIN,FEARFUL,5,False,False
80,1,NAS100,INDICES,BUY,18553.8669,19008.9427,18292.3291,19008.9427,1.18,536.99,1.74,reversal,15M,trending,NYSE,58,late,0.633,2025-12-01T10:06:41+00:00,WIN,CONFIDENT,5,False,False
81,1,XAUUSD,COMMODITIES,SELL,2282.093,2235.6913,2307.5885,2235.6913,0.33,15.31,1.82,trend_following,4H,trending,NYSE,129,late,0.097,2025-11-28T13:58:02+00:00,WIN,IMPULSIVE,6,False,False
82,1,NAS100,INDICES,SELL,18583.4115,18449.2276,18764.7412,18449.2276,0.8,107.35,0.74,breakout,1H,ranging,CRYPTO,221,good,0.531,2025-11-26T02:16:17+00:00,WIN,DISCIPLINED,4,False,False
83,1,US30,INDICES,SELL,39137.5357,38195.1031,39615.9279,38195.1031,2.63,2478.6,1.97,breakout,1H,volatile,CRYPTO,16,late,0.631,2025-11-23T20:09:07+00:00,WIN,CONFIDENT,8,False,False
84,1,BTCUSD,CRYPTO,BUY,67088.9012,66967.036,66916.0558,67446.6913,2.36,-287.6,2.07,mean_reversion,15M,ranging,FOREX,374,early,0.03,2025-12-04T07:03:24+00:00,LOSS,REVENGE,6,False,False
85,1,XAUUSD,COMMODITIES,BUY,2314.2943,2359.8043,2297.6848,2359.8043,0.21,9.56,2.74,breakout,5M,volatile,NYSE,71,late,0.35,2025-12-09T01:45:51+00:00,WIN,DISCIPLINED,9,False,False
86,1,NAS100,INDICES,SELL,17994.5326,17535.8864,18146.9068,17535.8864,2.42,1109.92,3.01,scalping,15M,volatile,NYSE,60,excellent,0.262,2025-12-11T09:33:41+00:00,WIN,CONFIDENT,7,False,False
87,1,EURUSD,FOREX,SELL,1.0512,1.0606,1.0594,1.0363,1.88,-0.02,1.82,mean_reversion,5M,trending,CRYPTO,334,early,0.291,2025-12-04T07:44:14+00:00,LOSS,IMPULSIVE,5,False,False
88,1,XAUUSD,COMMODITIES,BUY,2338.3765,2331.4181,2329.8625,2349.3596,2.85,-19.83,1.29,mean_reversion,4H,volatile,NYSE,235,excellent,0.459,2025-11-24T05:48:28+00:00,LOSS,IMPULSIVE,8,True,False
89,1,NAS100,INDICES,SELL,17443.366,17050.0293,17645.0771,17050.0293,1.73,680.47,1.95,scalping,4H,ranging,CRYPTO,154,early,0.16,2025-11-30T07:56:43+00:00,WIN,DISCIPLINED,5,False,False
90,1,XAUUSD,COMMODITIES,SELL,2339.6809,2345.5,2347.0305,2322.0419,1.11,-6.46,2.4,reversal,1H,ranging,CRYPTO,371,good,0.635,2025-11-25T08:46:12+00:00,LOSS,CONFIDENT,6,False,False
91,1,XAUUSD,COMMODITIES,BUY,2348.8761,2382.3552,2333.1583,2382.3552,2.95,98.76,2.13,reversal,5M,volatile,NYSE,375,early,0.421,2025-11-27T05:31:22+00:00,WIN,DISCIPLINED,9,False,False
92,1,US30,INDICES,BUY,39444.0964,40187.1918,39134.4733,40187.1918,2.65,1969.2,2.4,reversal,15M,ranging,NYSE,265,excellent,0.665,2025-12-14T20:20:52+00:00,WIN,CONFIDENT,5,False,False
93,1,EURUSD,FOREX,BUY,1.0981,1.0902,1.091,1.1199,0.83,-0.01,3.05,reversal,15M,volatile,CRYPTO,281,excellent,0.402,2025-12-11T06:16:50+00:00,LOSS,FOMO,5,False,False
94,1,US30,INDICES,BUY,39688.3742,39259.5195,39296.7768,40788.7632,0.18,-77.19,2.81,reversal,1H,ranging,CRYPTO,221,poor,0.511,2025-11-25T09:46:20+00:00,LOSS,IMPULSIVE,10,False,False
95,1,US30,INDICES,SELL,39950.627,39323.2812,40386.2839,39323.2812,0.27,169.38,1.44,scalping,15M,volatile,CRYPTO,81,late,0.689,2025-12-06T11:11:46+00:00,WIN,FEARFUL,8,False,False
96,1,EURUSD,FOREX,SELL,1.0813,1.0765,1.0849,1.0765,1.4,0.01,1.3,reversal,4H,news_driven,FOREX,89,late,0.747,2025-11-28T08:31:41+00:00,WIN,REVENGE,8,True,False
97,1,BTCUSD,CRYPTO,BUY,67819.4742,69586.1911,66908.7955,69586.1911,1.24,2190.73,1.94,trend_following,1H,trending,FOREX,152,early,0.478,2025-12-07T11:19:05+00:00,WIN,CONFIDENT,10,False,False
98,1,EURUSD,FOREX,BUY,1.113,1.1463,1.1003,1.1463,1.26,0.04,2.61,breakout,1H,trending,NYSE,266,early,0.612,2025-12-10T23:04:18+00:00,WIN,FOMO,7,False,False
99,1,US30,INDICES,BUY,38668.9796,38166.782,38192.0494,39408.2214,0.68,-341.49,1.55,reversal,5M,trending,FOREX,373,late,0.643,2025-12-09T11:40:49+00:00,LOSS,CONFIDENT,10,False,False
100,1,BTCUSD,CRYPTO,BUY,67012.8034,66557.2967,66536.4489,68079.8374,1.57,-715.15,2.24,scalping,1H,news_driven,FOREX,196,late,0.539,2025-12-09T18:39:30+00:00,LOSS,CONFIDENT,9,False,False
101,1,US30,INDICES,SELL,38268.455,38565.0442,38671.1418,37008.0453,0.25,-74.15,3.13,breakout,4H,ranging,CRYPTO,132,excellent,0.458,2025-12-09T04:32:09+00:00,LOSS,GREEDY,4,False,False
102,1,BTCUSD,CRYPTO,BUY,66103.786,65267.6814,65378.1976,67359.054,2.63,-2198.96,1.73,trend_following,15M,ranging,CRYPTO,174,early,0.42,2025-12-17T01:14:46+00:00,LOSS,DISCIPLINED,8,False,False
103,1,BTCUSD,CRYPTO,SELL,67207.3212,68029.1523,68016.2196,65185.0752,1.87,-1536.82,2.5,mean_reversion,1H,ranging,NYSE,402,late,0.564,2025-12-01T01:28:51+00:00,LOSS,FOMO,10,False,False
104,1,EURUSD,FOREX,SELL,1.1175,1.1293,1.1303,1.0995,2.7,-0.03,1.42,scalping,15M,volatile,FOREX,155,excellent,0.277,2025-12-07T09:04:41+00:00,LOSS,GREEDY,10,False,False
105,1,EURUSD,FOREX,SELL,1.0833,1.046,1.0986,1.046,1.89,0.07,2.44,reversal,15M,ranging,FOREX,59,early,0.264,2025-12-13T12:10:44+00:00,WIN,DISCIPLINED,10,False,False
106,1,XAUUSD,COMMODITIES,BUY,2439.8472,2431.0911,2429.9579,2462.8892,1.99,-17.42,2.33,breakout,1H,trending,FOREX,341,poor,0.186,2025-12-19T00:44:40+00:00,LOSS,CONFIDENT,3,False,False
107,1,BTCUSD,CRYPTO,SELL,65477.6888,63227.5733,66320.4286,63227.5733,2.27,5107.76,2.67,reversal,5M,trending,NYSE,298,poor,0.086,2025-12-23T00:12:15+00:00,WIN,CONFIDENT,8,False,False
108,1,EURUSD,FOREX,SELL,1.1136,1.1055,1.1178,1.1055,2.45,0.02,1.96,mean_reversion,1H,ranging,FOREX,385,late,0.633,2025-12-06T07:51:20+00:00,WIN,FEARFUL,6,False,False
109,1,BTCUSD,CRYPTO,SELL,65751.8535,64935.7166,66455.4197,64935.7166,1.04,848.78,1.16,trend_following,15M,news_driven,NYSE,176,late,0.466,2025-12-03T22:07:06+00:00,WIN,FEARFUL,3,False,False
110,1,EURUSD,FOREX,SELL,1.047,1.0363,1.0533,1.0363,2.7,0.03,1.71,reversal,5M,volatile,NYSE,322,good,0.175,2025-12-18T17:35:50+00:00,WIN,DISCIPLINED,5,False,False
111,1,NAS100,INDICES,BUY,18152.2641,18028.2459,18017.8285,18430.5457,2.03,-251.76,2.07,trend_following,5M,news_driven,CRYPTO,368,late,0.062,2025-12-03T08:33:51+00:00,LOSS,REVENGE,4,False,False
112,1,XAUUSD,COMMODITIES,BUY,2286.933,2256.0513,2256.9551,2340.8931,1.52,-46.94,1.8,mean_reversion,5M,news_driven,FOREX,270,early,0.365,2025-12-25T18:35:16+00:00,LOSS,FEARFUL,3,False,False
113,1,US30,INDICES,SELL,38675.36,38981.3248,39163.2068,37426.4721,1.1,-336.56,2.56,scalping,5M,news_driven,FOREX,154,early,0.144,2025-11-28T15:17:33+00:00,LOSS,IMPULSIVE,5,False,False
114,1,NAS100,INDICES,SELL,18600.6457,18745.1548,18729.1288,18485.0109,0.49,-70.81,0.9,trend_following,4H,ranging,CRYPTO,122,excellent,0.605,2025-12-25T06:22:02+00:00,LOSS,FEARFUL,7,False,False
115,1,NAS100,INDICES,SELL,17610.7163,17457.3787,17751.3929,17457.3787,2.64,404.81,1.09,mean_reversion,4H,trending,FOREX,113,excellent,0.081,2025-12-22T11:04:40+00:00,WIN,FOMO,3,True,False
116,1,NAS100,INDICES,BUY,17859.2621,17802.1348,17769.1369,17971.0173,1.56,-89.12,1.24,reversal,1H,volatile,FOREX,162,good,0.789,2025-12-06T16:44:25+00:00,LOSS,REVENGE,6,False,False
117,1,NAS100,INDICES,SELL,18645.8692,18860.4041,18896.4003,17899.2864,1.54,-330.38,2.98,scalping,4H,volatile,CRYPTO,221,early,0.119,2025-12-30T05:09:51+00:00,LOSS,DISCIPLINED,9,False,False
118,1,BTCUSD,CRYPTO,SELL,66916.0061,67618.4787,67665.3649,64885.2438,2.91,-2044.2,2.71,reversal,15M,volatile,FOREX,177,excellent,0.738,2025-12-16T08:10:38+00:00,LOSS,CONFIDENT,8,False,False
119,1,XAUUSD,COMMODITIES,BUY,2382.6503,2450.1589,2359.2098,2450.1589,2.31,155.94,2.88,breakout,4H,ranging,NYSE,163,excellent,0.169,2025-12-22T10:12:17+00:00,WIN,DISCIPLINED,6,False,False
120,1,XAUUSD,COMMODITIES,SELL,2388.3085,2366.0899,2405.3997,2366.0899,0.92,20.44,1.3,reversal,1H,volatile,NYSE,270,early,0.373,2025-12-13T17:30:32+00:00,WIN,IMPULSIVE,10,False,False
121,1,EURUSD,FOREX,BUY,1.0407,1.0759,1.027,1.0759,1.7,0.06,2.55,scalping,1H,ranging,FOREX,176,good,0.304,2025-12-18T03:32:00+00:00,WIN,DISCIPLINED,6,False,False
122,1,NAS100,INDICES,SELL,17983.6144,18196.876,18188.74,17460.5439,1.12,-238.85,2.55,scalping,15M,trending,CRYPTO,25,excellent,0.756,2025-12-02T15:22:59+00:00,LOSS,REVENGE,3,False,False
123,1,XAUUSD,COMMODITIES,SELL,2299.5095,2280.9775,2325.2484,2280.9775,1.18,21.87,0.72,reversal,4H,news_driven,FOREX,11,poor,0.441,2025-12-19T22:48:52+00:00,WIN,CONFIDENT,3,False,False
124,1,XAUUSD,COMMODITIES,SELL,2259.2228,2291.7663,2287.6236,2191.3449,0.41,-13.34,2.39,mean_reversion,15M,volatile,NYSE,144,early,0.063,2025-12-01T09:27:32+00:00,LOSS,CONFIDENT,9,False,False
125,1,NAS100,INDICES,BUY,18472.4094,18437.5564,18416.1051,18651.457,1.28,-44.61,3.18,reversal,5M,ranging,FOREX,263,early,0.516,2025-12-11T18:52:54+00:00,LOSS,DISCIPLINED,8,False,False
126,1,US30,INDICES,BUY,38156.8715,37757.7116,37633.4909,39428.6863,2.78,-1109.66,2.43,mean_reversion,5M,ranging,NYSE,16,good,0.47,2025-12-23T07:31:28+00:00,LOSS,CONFIDENT,9,False,False
127,1,XAUUSD,COMMODITIES,SELL,2362.5388,2388.1239,2393.3528,2288.8934,2.25,-57.57,2.39,reversal,5M,volatile,FOREX,58,early,0.186,2025-12-27T13:36:40+00:00,LOSS,GREEDY,4,False,False
128,1,EURUSD,FOREX,SELL,1.0604,1.0299,1.0762,1.0299,2.83,0.09,1.93,scalping,4H,trending,CRYPTO,159,good,0.57,2025-12-14T12:47:39+00:00,WIN,DISCIPLINED,4,False,False
129,1,EURUSD,FOREX,BUY,1.0916,1.1105,1.0789,1.1105,0.12,0.0,1.49,trend_following,1H,trending,FOREX,52,good,0.345,2025-12-10T03:13:26+00:00,WIN,IMPULSIVE,9,False,False
130,1,XAUUSD,COMMODITIES,BUY,2273.4961,2307.052,2251.2736,2307.052,0.95,31.88,1.51,breakout,15M,ranging,CRYPTO,202,good,0.111,2025-12-13T08:45:22+00:00,WIN,FOMO,7,True,False
131,1,EURUSD,FOREX,SELL,1.0744,1.059,1.0824,1.059,0.83,0.01,1.91,reversal,15M,news_driven,FOREX,77,late,0.005,2025-12-08T04:58:53+00:00,WIN,DISCIPLINED,9,False,False
132,1,EURUSD,FOREX,SELL,1.074,1.0847,1.0877,1.0422,1.85,-0.02,2.33,scalping,15M,news_driven,NYSE,157,early,0.774,2025-12-25T16:18:31+00:00,LOSS,FEARFUL,6,False,False
133,1,EURUSD,FOREX,SELL,1.0707,1.0742,1.0745,1.0629,2.08,-0.01,2.11,scalping,4H,ranging,NYSE,416,late,0.665,2025-12-20T09:00:03+00:00,LOSS,CONFIDENT,4,False,False
134,1,NAS100,INDICES,SELL,17628.5105,17748.4959,17814.7137,17164.8644,2.97,-356.36,2.49,reversal,4H,trending,NYSE,367,poor,0.475,2025-12-17T21:22:50+00:00,LOSS,GREEDY,4,False,False
135,1,XAUUSD,COMMODITIES,BUY,2371.1834,2345.099,2349.0796,2422.2433,1.06,-27.65,2.31,scalping,5M,volatile,FOREX,269,poor,0.446,2025-12-30T15:17:48+00:00,LOSS,DISCIPLINED,6,False,False
136,1,NAS100,INDICES,SELL,18258.5599,18436.8485,18458.9601,18042.1277,0.96,-171.16,1.08,trend_following,15M,volatile,NYSE,183,early,0.627,2026-01-04T22:13:11+00:00,LOSS,FEARFUL,10,False,False
137,1,EURUSD,FOREX,SELL,1.097,1.1015,1.1037,1.0872,2.56,-0.01,1.45,breakout,15M,ranging,CRYPTO,97,poor,0.128,2025-12-25T10:15:42+00:00,LOSS,FOMO,9,False,False
138,1,NAS100,INDICES,BUY,17548.3972,17339.3192,17363.3493,17861.1281,1.4,-292.71,1.69,trend_following,15M,ranging,NYSE,393,excellent,0.462,2025-12-16T22:48:23+00:00,LOSS,GREEDY,5,True,False
139,1,EURUSD,FOREX,SELL,1.0595,1.0729,1.0735,1.0312,1.87,-0.03,2.02,reversal,4H,ranging,CRYPTO,369,late,0.735,2025-12-23T14:00:50+00:00,LOSS,FEARFUL,4,False,False
140,1,BTCUSD,CRYPTO,SELL,65916.202,65441.8936,66367.9244,65441.8936,1.83,867.98,1.05,breakout,4H,ranging,CRYPTO,93,early,0.231,2025-12-23T09:10:06+00:00,WIN,DISCIPLINED,5,False,False
141,1,EURUSD,FOREX,SELL,1.0678,1.0705,1.0701,1.0655,1.57,-0.0,1.04,mean_reversion,4H,news_driven,NYSE,93,excellent,0.452,2025-12-20T09:23:37+00:00,LOSS,DISCIPLINED,6,False,False
142,1,EURUSD,FOREX,BUY,1.0617,1.0502,1.0488,1.089,1.58,-0.02,2.11,scalping,1H,trending,CRYPTO,233,poor,0.175,2025-12-23T21:08:10+00:00,LOSS,DISCIPLINED,9,False,False
143,1,XAUUSD,COMMODITIES,BUY,2262.0593,2297.1019,2249.8066,2297.1019,2.61,91.46,2.86,scalping,15M,volatile,CRYPTO,320,early,0.133,2025-12-05T04:21:43+00:00,WIN,CONFIDENT,5,False,False
144,1,BTCUSD,CRYPTO,BUY,68175.6075,67659.5857,67510.2716,68920.7838,1.76,-908.2,1.12,breakout,5M,ranging,NYSE,38,late,0.694,2026-01-09T09:52:30+00:00,LOSS,GREEDY,5,False,False
145,1,BTCUSD,CRYPTO,BUY,69786.941,69000.9991,68956.5353,71771.6107,0.88,-691.63,2.39,reversal,5M,news_driven,CRYPTO,391,late,0.556,2025-12-18T01:17:49+00:00,LOSS,IMPULSIVE,8,False,False
146,1,NAS100,INDICES,SELL,18531.2272,18767.7724,18772.3773,18306.9576,2.12,-501.48,0.93,scalping,4H,ranging,NYSE,116,early,0.215,2026-01-05T20:40:01+00:00,LOSS,GREEDY,7,False,False
147,1,EURUSD,FOREX,BUY,1.1049,1.1442,1.0899,1.1442,1.92,0.08,2.61,mean_reversion,15M,news_driven,NYSE,8,early,0.162,2026-01-05T15:49:30+00:00,WIN,CONFIDENT,5,True,False
148,1,EURUSD,FOREX,BUY,1.0679,1.0659,1.0647,1.0757,1.91,-0.0,2.36,scalping,4H,trending,CRYPTO,56,excellent,0.171,2026-01-01T05:58:57+00:00,LOSS,DISCIPLINED,4,False,False
149,1,BTCUSD,CRYPTO,BUY,65330.521,64714.8615,64609.0916,67307.2376,0.48,-295.52,2.74,mean_reversion,5M,trending,NYSE,196,late,0.11,2025-12-04T02:43:56+00:00,LOSS,IMPULSIVE,5,False,False
150,1,BTCUSD,CRYPTO,BUY,68600.1367,69048.161,68316.577,69048.161,2.27,1017.02,1.58,mean_reversion,4H,ranging,FOREX,59,good,0.602,2026-01-10T09:44:50+00:00,WIN,GREEDY,9,False,False
151,1,EURUSD,FOREX,SELL,1.0582,1.0696,1.0692,1.0437,0.93,-0.01,1.32,scalping,1H,ranging,CRYPTO,318,poor,0.151,2026-01-11T17:47:26+00:00,LOSS,REVENGE,9,True,False
152,1,EURUSD,FOREX,BUY,1.0465,1.036,1.0377,1.0659,2.96,-0.03,2.18,reversal,4H,volatile,CRYPTO,357,good,0.61,2026-01-11T19:33:14+00:00,LOSS,FEARFUL,4,False,False
153,1,XAUUSD,COMMODITIES,BUY,2263.4875,2280.3252,2257.1812,2280.3252,1.92,32.33,2.67,breakout,4H,trending,CRYPTO,282,poor,0.493,2025-12-23T21:28:55+00:00,WIN,DISCIPLINED,7,False,False
154,1,XAUUSD,COMMODITIES,SELL,2294.2011,2235.6766,2322.8896,2235.6766,1.94,113.54,2.04,breakout,5M,volatile,CRYPTO,231,good,0.046,2026-01-08T03:28:41+00:00,WIN,FEARFUL,4,False,False
155,1,NAS100,INDICES,BUY,17359.2412,17794.0682,17174.2085,17794.0682,0.14,60.88,2.35,trend_following,4H,volatile,CRYPTO,272,late,0.134,2025-12-07T23:44:00+00:00,WIN,GREEDY,5,True,False
156,1,EURUSD,FOREX,BUY,1.0739,1.0647,1.0644,1.0868,1.54,-0.01,1.36,breakout,15M,volatile,FOREX,138,excellent,0.715,2025-12-25T03:37:56+00:00,LOSS,FOMO,4,True,False
157,1,BTCUSD,CRYPTO,BUY,65346.8471,65226.7661,65177.0917,65620.1533,2.88,-345.83,1.61,breakout,4H,ranging,NYSE,135,early,0.733,2025-12-03T15:43:23+00:00,LOSS,CONFIDENT,8,False,False
158,1,EURUSD,FOREX,BUY,1.0802,1.0626,1.0654,1.0972,2.87,-0.05,1.15,mean_reversion,1H,volatile,NYSE,52,poor,0.365,2025-12-05T08:05:28+00:00,LOSS,FOMO,8,False,False
159,1,BTCUSD,CRYPTO,SELL,69303.2934,69731.4122,69660.4543,68724.6927,2.35,-1006.08,1.62,mean_reversion,15M,ranging,FOREX,217,excellent,0.186,2026-01-05T06:05:24+00:00,LOSS,REVENGE,8,False,True
160,1,XAUUSD,COMMODITIES,SELL,2326.7397,2287.0809,2353.7184,2287.0809,2.95,116.99,1.47,breakout,15M,volatile,FOREX,30,good,0.718,2025-12-22T00:03:08+00:00,WIN,REVENGE,9,False,True
161,1,EURUSD,FOREX,SELL,1.0805,1.0876,1.0916,1.0617,2.02,-0.01,1.69,breakout,1H,news_driven,CRYPTO,384,late,0.254,2025-12-08T16:10:00+00:00,LOSS,GREEDY,7,False,False
162,1,BTCUSD,CRYPTO,BUY,69469.5976,69697.4566,69232.2445,69697.4566,1.01,230.14,0.96,reversal,15M,news_driven,NYSE,245,late,0.682,2025-12-08T08:46:26+00:00,WIN,DISCIPLINED,4,False,False
163,1,BTCUSD,CRYPTO,SELL,69827.4306,69420.8237,70264.6424,69420.8237,1.13,459.47,0.93,mean_reversion,1H,ranging,FOREX,215,early,0.445,2025-12-27T04:42:57+00:00,WIN,DISCIPLINED,6,False,False
164,1,XAUUSD,COMMODITIES,SELL,2282.2811,2285.6185,2287.2004,2268.6054,2.49,-8.31,2.78,breakout,5M,volatile,FOREX,19,excellent,0.158,2025-12-20T17:11:23+00:00,LOSS,CONFIDENT,10,False,False
165,1,BTCUSD,CRYPTO,BUY,70406.0068,70969.3572,70218.8472,70969.3572,2.2,1239.37,3.01,scalping,4H,ranging,NYSE,117,good,0.22,2025-12-26T21:53:04+00:00,WIN,DISCIPLINED,10,False,False
166,1,BTCUSD,CRYPTO,BUY,66617.0692,66369.5629,66228.2675,67289.6961,0.91,-225.23,1.73,mean_reversion,15M,trending,NYSE,408,late,0.384,2025-12-09T19:19:36+00:00,LOSS,GREEDY,10,False,False
167,1,EURUSD,FOREX,SELL,1.0391,1.0468,1.0492,1.0312,2.45,-0.02,0.77,trend_following,15M,ranging,FOREX,134,good,0.213,2025-12-26T06:15:27+00:00,LOSS,DISCIPLINED,3,False,False
168,1,BTCUSD,CRYPTO,SELL,70673.988,70285.7652,70974.936,70285.7652,2.24,869.62,1.29,scalping,1H,ranging,CRYPTO,104,early,0.434,2025-12-20T23:47:15+00:00,WIN,CONFIDENT,5,False,False
169,1,NAS100,INDICES,BUY,18146.3944,18223.8728,18105.4005,18223.8728,1.88,145.66,1.89,breakout,15M,volatile,FOREX,19,good,0.469,2026-01-12T06:53:00+00:00,WIN,DISCIPLINED,5,False,False
170,1,XAUUSD,COMMODITIES,SELL,2433.0816,2416.5716,2450.4604,2416.5716,0.5,8.25,0.95,breakout,4H,volatile,FOREX,370,poor,0.555,2025-12-11T11:17:17+00:00,WIN,FOMO,8,False,False
171,1,BTCUSD,CRYPTO,BUY,69025.4315,68730.409,68773.1071,69661.2891,1.24,-365.83,2.52,trend_following,5M,ranging,CRYPTO,170,poor,0.177,2026-01-22T09:00:55+00:00,LOSS,DISCIPLINED,4,False,False
172,1,NAS100,INDICES,BUY,17622.7141,17452.6743,17362.4102,17914.2546,2.16,-367.29,1.12,scalping,4H,trending,NYSE,115,good,0.555,2026-01-04T23:20:17+00:00,LOSS,REVENGE,8,False,True
173,1,EURUSD,FOREX,BUY,1.0747,1.0836,1.0667,1.0836,2.66,0.02,1.12,breakout,4H,ranging,FOREX,239,excellent,0.639,2025-12-21T18:11:58+00:00,WIN,DISCIPLINED,3,False,False
174,1,EURUSD,FOREX,BUY,1.0458,1.0655,1.0391,1.0655,0.32,0.01,2.92,scalping,1H,news_driven,CRYPTO,23,early,0.754,2026-01-20T23:00:45+00:00,WIN,DISCIPLINED,5,False,False
175,1,US30,INDICES,SELL,38473.0151,37502.4352,39037.3057,37502.4352,2.78,2698.21,1.72,reversal,1H,ranging,FOREX,33,early,0.457,2025-12-31T20:30:43+00:00,WIN,DISCIPLINED,10,False,False
176,1,BTCUSD,CRYPTO,BUY,65756.6983,67645.632,64920.8869,67645.632,0.38,717.79,2.26,scalping,5M,news_driven,FOREX,165,early,0.377,2025-12-15T00:49:28+00:00,WIN,DISCIPLINED,7,False,False
177,1,XAUUSD,COMMODITIES,SELL,2327.7117,2335.5206,2338.0132,2319.3675,2.53,-19.76,0.81,reversal,5M,trending,CRYPTO,184,poor,0.331,2026-01-02T15:57:36+00:00,LOSS,FOMO,6,True,False
178,1,US30,INDICES,BUY,38746.1321,39742.6842,38398.9014,39742.6842,2.66,2650.83,2.87,trend_following,5M,ranging,FOREX,395,early,0.138,2025-12-29T09:16:52+00:00,WIN,CONFIDENT,5,False,False
179,1,BTCUSD,CRYPTO,BUY,65706.3248,65213.9358,64991.3985,66564.2363,1.83,-901.07,1.2,reversal,5M,trending,NYSE,292,early,0.442,2025-12-21T11:30:16+00:00,LOSS,DISCIPLINED,7,False,False
180,1,US30,INDICES,SELL,39383.9407,39622.524,39730.2558,38777.8894,1.81,-431.84,1.75,breakout,5M,trending,NYSE,282,late,0.702,2026-01-13T17:24:50+00:00,LOSS,REVENGE,7,False,True
181,1,NAS100,INDICES,SELL,17333.9506,17432.2474,17430.6807,17231.4167,0.21,-20.64,1.06,mean_reversion,15M,trending,CRYPTO,251,late,0.718,2026-01-20T23:56:56+00:00,LOSS,GREEDY,3,False,False
182,1,EURUSD,FOREX,SELL,1.0793,1.0874,1.0912,1.0679,2.93,-0.02,0.95,scalping,1H,news_driven,CRYPTO,338,excellent,0.15,2025-12-28T16:22:53+00:00,LOSS,DISCIPLINED,6,False,False
183,1,NAS100,INDICES,SELL,18462.265,18285.6115,18622.8592,18285.6115,1.57,277.35,1.1,mean_reversion,5M,ranging,FOREX,110,excellent,0.2,2025-12-12T12:37:33+00:00,WIN,CONFIDENT,10,False,False
184,1,XAUUSD,COMMODITIES,SELL,2410.8192,2363.5247,2431.4718,2363.5247,0.19,8.99,2.29,reversal,15M,news_driven,CRYPTO,290,late,0.275,2025-12-25T09:35:44+00:00,WIN,DISCIPLINED,7,False,False
185,1,XAUUSD,COMMODITIES,SELL,2286.6266,2307.9611,2308.2109,2219.4995,2.07,-44.16,3.11,breakout,5M,trending,NYSE,75,good,0.481,2025-12-20T01:19:18+00:00,LOSS,FOMO,3,False,False
186,1,BTCUSD,CRYPTO,SELL,66941.7008,64688.4602,67917.1296,64688.4602,1.19,2681.36,2.31,mean_reversion,4H,volatile,CRYPTO,274,poor,0.318,2025-12-24T13:52:40+00:00,WIN,CONFIDENT,4,False,False
187,1,XAUUSD,COMMODITIES,SELL,2370.5014,2356.9806,2384.4404,2356.9806,2.97,40.16,0.97,mean_reversion,1H,volatile,FOREX,84,poor,0.612,2026-01-09T17:23:49+00:00,WIN,IMPULSIVE,3,False,False
188,1,US30,INDICES,SELL,39690.4036,38358.415,40107.9549,38358.415,1.31,1744.91,3.19,scalping,15M,volatile,CRYPTO,373,good,0.549,2025-12-27T04:49:42+00:00,WIN,IMPULSIVE,10,True,False
189,1,EURUSD,FOREX,SELL,1.1125,1.108,1.1174,1.108,0.85,0.0,0.94,reversal,15M,volatile,CRYPTO,53,good,0.284,2026-01-19T14:17:50+00:00,WIN,CONFIDENT,7,False,False
190,1,NAS100,INDICES,SELL,17703.4336,17923.2108,17934.7428,17268.5724,2.84,-624.17,1.88,scalping,5M,news_driven,CRYPTO,160,early,0.043,2025-12-10T02:34:31+00:00,LOSS,DISCIPLINED,5,False,False
191,1,BTCUSD,CRYPTO,BUY,68377.5555,70112.0461,67434.8976,70112.0461,2.18,3781.19,1.84,scalping,15M,volatile,CRYPTO,37,excellent,0.362,2026-01-18T16:18:10+00:00,WIN,FOMO,6,False,False
192,1,BTCUSD,CRYPTO,BUY,69521.8534,69302.3561,69265.8546,69977.5311,1.48,-324.86,1.78,trend_following,1H,trending,NYSE,395,poor,0.152,2025-12-06T16:08:01+00:00,LOSS,REVENGE,3,False,False
193,1,BTCUSD,CRYPTO,BUY,65838.7327,66665.5856,65276.2478,66665.5856,0.23,190.18,1.47,scalping,1H,news_driven,CRYPTO,76,late,0.797,2026-01-28T22:13:57+00:00,WIN,DISCIPLINED,10,False,False
194,1,EURUSD,FOREX,BUY,1.1161,1.1106,1.108,1.1264,2.23,-0.01,1.27,reversal,1H,trending,NYSE,335,late,0.617,2026-01-09T00:39:41+00:00,LOSS,CONFIDENT,3,False,False
195,1,US30,INDICES,BUY,37501.5943,37119.7834,37090.3238,38217.205,1.48,-565.08,1.74,breakout,5M,volatile,NYSE,346,excellent,0.53,2025-12-15T11:52:37+00:00,LOSS,IMPULSIVE,7,False,False
196,1,US30,INDICES,BUY,37767.3324,38191.4793,37338.9013,38191.4793,0.41,173.9,0.99,trend_following,1H,ranging,NYSE,368,early,0.236,2025-12-18T06:24:06+00:00,WIN,CONFIDENT,3,False,False
197,1,US30,INDICES,SELL,38939.6715,38796.1611,39136.2611,38796.1611,0.42,60.27,0.73,reversal,5M,trending,CRYPTO,378,excellent,0.724,2026-01-09T00:36:54+00:00,WIN,IMPULSIVE,6,False,False
198,1,NAS100,INDICES,SELL,17423.7248,17364.1897,17498.1437,17364.1897,2.42,144.07,0.8,scalping,5M,trending,FOREX,78,good,0.263,2025-12-25T05:16:14+00:00,WIN,FEARFUL,10,False,False
199,1,US30,INDICES,SELL,38509.2949,38656.8916,38643.3002,38281.486,2.1,-309.95,1.7,breakout,15M,trending,FOREX,364,excellent,0.785,2026-01-04T01:03:13+00:00,LOSS,FOMO,5,False,False
200,1,XAUUSD,COMMODITIES,SELL,2362.9614,2380.5435,2381.147,2322.4074,2.6,-45.71,2.23,mean_reversion,15M,news_driven,NYSE,65,early,0.353,2026-01-27T17:47:20+00:00,LOSS,FEARFUL,4,False,False
201,1,EURUSD,FOREX,SELL,1.0954,1.1109,1.1085,1.0673,2.04,-0.03,2.14,breakout,5M,news_driven,CRYPTO,380,good,0.386,2025-12-27T08:50:51+00:00,LOSS,IMPULSIVE,9,False,False
202,1,BTCUSD,CRYPTO,BUY,66133.6849,65577.731,65271.6328,68573.2923,1.53,-850.61,2.83,breakout,5M,ranging,CRYPTO,337,early,0.323,2025-12-21T20:28:46+00:00,LOSS,IMPULSIVE,6,False,False
203,1,XAUUSD,COMMODITIES,SELL,2340.2425,2284.2946,2370.9832,2284.2946,1.54,86.16,1.82,trend_following,4H,trending,CRYPTO,289,excellent,0.661,2026-01-15T11:18:05+00:00,WIN,CONFIDENT,7,False,False
204,1,US30,INDICES,BUY,38573.6285,38705.1271,38469.2646,38705.1271,1.72,226.18,1.26,trend_following,1H,news_driven,FOREX,57,good,0.002,2026-01-13T18:52:22+00:00,WIN,CONFIDENT,8,False,False
205,1,EURUSD,FOREX,SELL,1.051,1.0537,1.055,1.041,1.87,-0.0,2.49,breakout,4H,ranging,NYSE,408,good,0.573,2025-12-19T05:59:00+00:00,LOSS,DISCIPLINED,4,False,False
206,1,NAS100,INDICES,BUY,18564.1263,18884.2259,18416.6149,18884.2259,2.9,928.29,2.17,mean_reversion,4H,news_driven,CRYPTO,407,good,0.553,2025-12-08T10:06:48+00:00,WIN,DISCIPLINED,5,False,False
207,1,BTCUSD,CRYPTO,BUY,68577.5146,68168.1082,68153.4334,69807.3501,2.11,-863.85,2.9,trend_following,1H,volatile,NYSE,420,good,0.111,2025-12-23T06:33:23+00:00,LOSS,IMPULSIVE,7,False,False
208,1,US30,INDICES,SELL,38066.7739,37516.2037,38451.7881,37516.2037,2.05,1128.67,1.43,mean_reversion,15M,volatile,CRYPTO,67,late,0.45,2026-02-05T22:40:58+00:00,WIN,GREEDY,9,False,False
209,1,US30,INDICES,SELL,39070.9176,39136.4165,39161.8957,38974.4808,2.28,-149.34,1.06,trend_following,1H,ranging,FOREX,361,late,0.163,2025-12-18T08:18:25+00:00,LOSS,CONFIDENT,3,False,False
210,1,EURUSD,FOREX,SELL,1.0952,1.1037,1.1054,1.0823,1.58,-0.01,1.26,breakout,5M,news_driven,NYSE,221,late,0.773,2026-01-26T11:12:14+00:00,LOSS,GREEDY,3,False,False
211,1,XAUUSD,COMMODITIES,SELL,2402.8139,2435.5276,2434.799,2314.215,1.98,-64.77,2.77,reversal,15M,ranging,NYSE,237,good,0.787,2026-01-24T06:09:09+00:00,LOSS,GREEDY,4,False,False
212,1,BTCUSD,CRYPTO,BUY,65501.0502,66002.4414,65132.3802,66002.4414,2.55,1278.55,1.36,mean_reversion,15M,trending,FOREX,173,poor,0.041,2025-12-09T06:14:09+00:00,WIN,DISCIPLINED,7,False,False
213,1,NAS100,INDICES,SELL,17737.717,17637.729,17823.9135,17637.729,1.56,155.98,1.16,breakout,5M,volatile,FOREX,117,late,0.265,2026-01-03T21:00:43+00:00,WIN,REVENGE,7,False,False
214,1,BTCUSD,CRYPTO,SELL,70617.3646,70263.4839,70766.6813,70263.4839,2.72,962.56,2.37,mean_reversion,5M,volatile,NYSE,415,excellent,0.309,2026-01-16T11:10:58+00:00,WIN,CONFIDENT,7,False,False
215,1,XAUUSD,COMMODITIES,SELL,2339.7647,2322.0253,2345.7781,2322.0253,1.59,28.21,2.95,mean_reversion,5M,trending,FOREX,351,good,0.692,2026-02-06T17:55:02+00:00,WIN,CONFIDENT,9,False,False
216,1,XAUUSD,COMMODITIES,BUY,2421.1838,2403.058,2393.0064,2471.6214,2.09,-37.88,1.79,mean_reversion,5M,trending,FOREX,35,good,0.635,2025-12-10T21:46:22+00:00,LOSS,CONFIDENT,4,False,False
217,1,US30,INDICES,BUY,38847.5121,38658.3293,38565.5637,39267.6152,0.12,-22.7,1.49,scalping,5M,trending,NYSE,265,excellent,0.232,2026-01-24T02:58:21+00:00,LOSS,FOMO,7,True,False
218,1,US30,INDICES,BUY,38805.5496,38550.7473,38528.6149,39456.3462,0.5,-127.4,2.35,scalping,1H,ranging,NYSE,354,late,0.766,2026-01-03T12:30:47+00:00,LOSS,REVENGE,3,False,True
219,1,US30,INDICES,BUY,39226.882,39805.2721,38947.4665,39805.2721,0.71,410.66,2.07,breakout,15M,news_driven,CRYPTO,270,good,0.129,2026-01-26T03:28:17+00:00,WIN,DISCIPLINED,6,False,False
220,1,US30,INDICES,SELL,39533.4511,39975.9864,39904.0695,39222.1317,1.69,-747.88,0.84,reversal,5M,volatile,FOREX,109,poor,0.39,2026-01-20T06:39:26+00:00,LOSS,DISCIPLINED,8,False,False
221,1,EURUSD,FOREX,BUY,1.0903,1.1126,1.0754,1.1126,1.89,0.04,1.49,reversal,1H,volatile,NYSE,94,excellent,0.251,2025-12-29T17:44:18+00:00,WIN,DISCIPLINED,6,False,False
222,1,NAS100,INDICES,SELL,18335.4808,17878.0605,18581.4058,17878.0605,0.99,452.85,1.86,scalping,5M,volatile,FOREX,283,good,0.211,2026-01-14T21:09:23+00:00,WIN,DISCIPLINED,4,False,False
223,1,XAUUSD,COMMODITIES,BUY,2408.7768,2468.8935,2385.8315,2468.8935,0.21,12.62,2.62,mean_reversion,4H,ranging,NYSE,208,good,0.713,2025-12-27T05:40:50+00:00,WIN,GREEDY,7,False,False
224,1,BTCUSD,CRYPTO,SELL,67438.5113,68061.9057,68013.6387,66081.2106,1.88,-1171.98,2.36,mean_reversion,4H,ranging,FOREX,297,poor,0.528,2025-12-21T05:54:04+00:00,LOSS,FEARFUL,5,False,False
225,1,NAS100,INDICES,SELL,17982.2047,17900.1365,18032.8641,17900.1365,0.7,57.45,1.62,breakout,4H,news_driven,FOREX,28,late,0.083,2026-02-08T02:31:37+00:00,WIN,DISCIPLINED,7,False,False
226,1,EURUSD,FOREX,BUY,1.0684,1.0591,1.0572,1.0996,2.73,-0.03,2.79,trend_following,1H,news_driven,NYSE,317,excellent,0.401,2026-01-13T16:45:31+00:00,LOSS,IMPULSIVE,5,False,False
227,1,NAS100,INDICES,BUY,18206.6069,18307.7842,18120.1306,18307.7842,2.18,220.57,1.17,reversal,1H,trending,NYSE,353,early,0.383,2025-12-18T14:53:07+00:00,WIN,DISCIPLINED,5,False,False
228,1,NAS100,INDICES,BUY,18105.8206,18274.1127,18031.6831,18274.1127,1.76,296.19,2.27,reversal,15M,news_driven,CRYPTO,296,excellent,0.703,2025-12-14T15:05:38+00:00,WIN,DISCIPLINED,7,False,False
229,1,XAUUSD,COMMODITIES,BUY,2344.6257,2368.8389,2325.2552,2368.8389,0.51,12.35,1.25,trend_following,1H,ranging,CRYPTO,359,late,0.738,2026-01-18T22:50:25+00:00,WIN,GREEDY,4,False,False
230,1,BTCUSD,CRYPTO,SELL,65370.1007,66000.1891,65945.0469,63662.5104,1.86,-1171.96,2.97,trend_following,5M,trending,FOREX,254,good,0.722,2025-12-23T01:30:29+00:00,LOSS,DISCIPLINED,3,False,False
231,1,NAS100,INDICES,SELL,18284.6056,17862.0829,18423.1377,17862.0829,2.33,984.48,3.05,scalping,5M,news_driven,FOREX,138,early,0.613,2026-01-03T21:38:45+00:00,WIN,CONFIDENT,4,False,False
232,1,EURUSD,FOREX,SELL,1.0981,1.0693,1.1115,1.0693,0.12,0.0,2.14,scalping,1H,news_driven,NYSE,62,good,0.341,2026-01-24T16:50:29+00:00,WIN,DISCIPLINED,7,False,False
233,1,EURUSD,FOREX,SELL,1.0606,1.0729,1.0721,1.0308,1.5,-0.02,2.59,mean_reversion,1H,volatile,CRYPTO,184,early,0.589,2026-01-05T16:40:33+00:00,LOSS,FOMO,4,False,False
234,1,BTCUSD,CRYPTO,SELL,68045.3889,68885.7679,68876.8392,65800.473,0.25,-210.09,2.7,reversal,5M,ranging,NYSE,315,early,0.071,2026-01-07T05:12:37+00:00,LOSS,DISCIPLINED,7,False,False
235,1,BTCUSD,CRYPTO,SELL,69221.2512,69974.5643,70197.1951,67562.1467,2.89,-2177.07,1.7,breakout,15M,news_driven,NYSE,13,good,0.68,2025-12-15T17:23:06+00:00,LOSS,GREEDY,7,False,False
236,1,BTCUSD,CRYPTO,BUY,69079.5665,70730.1505,68388.9457,70730.1505,2.0,3301.17,2.39,mean_reversion,1H,news_driven,NYSE,350,early,0.324,2026-02-17T01:37:32+00:00,WIN,FEARFUL,6,False,False
237,1,US30,INDICES,BUY,39154.7291,38792.5905,38706.8067,40095.3661,2.46,-890.86,2.1,breakout,4H,news_driven,CRYPTO,10,late,0.14,2025-12-27T16:16:58+00:00,LOSS,CONFIDENT,4,False,False
238,1,US30,INDICES,BUY,40394.6883,39848.0905,39892.2491,41947.2254,1.77,-967.48,3.09,mean_reversion,4H,ranging,NYSE,405,early,0.545,2026-01-29T08:22:55+00:00,LOSS,DISCIPLINED,3,False,False
239,1,NAS100,INDICES,BUY,18192.473,18841.3936,17920.9581,18841.3936,1.02,661.9,2.39,scalping,5M,volatile,FOREX,155,excellent,0.319,2026-02-16T21:19:09+00:00,WIN,DISCIPLINED,8,False,False
240,1,XAUUSD,COMMODITIES,BUY,2297.0904,2271.9278,2275.3639,2322.2932,0.65,-16.36,1.16,trend_following,15M,volatile,FOREX,125,good,0.668,2026-02-02T00:12:25+00:00,LOSS,DISCIPLINED,8,False,False
241,1,BTCUSD,CRYPTO,BUY,68956.418,68278.8214,68223.7896,70590.1792,0.22,-149.07,2.23,breakout,4H,volatile,NYSE,101,poor,0.224,2026-01-15T10:29:07+00:00,LOSS,CONFIDENT,6,False,False
242,1,US30,INDICES,BUY,38760.3087,39190.0867,38209.3112,39190.0867,2.6,1117.42,0.78,breakout,5M,news_driven,NYSE,360,excellent,0.009,2026-02-05T10:14:23+00:00,WIN,FEARFUL,6,False,False
243,1,NAS100,INDICES,BUY,18521.0525,18632.7133,18438.949,18632.7133,2.88,321.58,1.36,scalping,4H,ranging,NYSE,366,late,0.292,2026-01-06T02:27:56+00:00,WIN,FOMO,9,False,False
244,1,EURUSD,FOREX,SELL,1.1214,1.1347,1.1337,1.0879,1.71,-0.02,2.74,reversal,15M,news_driven,FOREX,98,early,0.4,2026-02-11T20:26:01+00:00,LOSS,GREEDY,8,False,False
245,1,NAS100,INDICES,SELL,18097.6817,17781.9583,18227.609,17781.9583,2.46,776.68,2.43,scalping,4H,volatile,NYSE,192,late,0.448,2026-01-16T02:07:25+00:00,WIN,GREEDY,7,False,False
246,1,EURUSD,FOREX,BUY,1.1117,1.1311,1.0956,1.1311,1.98,0.04,1.2,trend_following,1H,volatile,CRYPTO,269,early,0.62,2025-12-25T16:24:51+00:00,WIN,DISCIPLINED,10,False,False
247,1,XAUUSD,COMMODITIES,SELL,2374.7619,2382.1613,2383.9832,2364.4341,1.93,-14.28,1.12,mean_reversion,5M,trending,FOREX,183,good,0.251,2026-01-23T11:13:11+00:00,LOSS,DISCIPLINED,7,False,False
248,1,EURUSD,FOREX,SELL,1.1043,1.1179,1.12,1.064,0.59,-0.01,2.57,scalping,15M,volatile,CRYPTO,366,excellent,0.168,2026-02-13T04:46:13+00:00,LOSS,CONFIDENT,9,False,False
249,1,XAUUSD,COMMODITIES,BUY,2344.9589,2361.6088,2338.6282,2361.6088,2.99,49.78,2.63,breakout,5M,news_driven,NYSE,125,good,0.59,2025-12-21T02:00:20+00:00,WIN,CONFIDENT,10,False,False
250,1,BTCUSD,CRYPTO,BUY,65435.4278,67417.1068,64740.1019,67417.1068,1.48,2932.88,2.85,mean_reversion,1H,news_driven,FOREX,365,poor,0.142,2026-02-22T18:04:34+00:00,WIN,CONFIDENT,10,False,False
